Draw,Date,Winning Number 1,Winning Number 2,Winning Number 3,Winning Number 4,Winning Number 5,Winning Number 6,Supplementary Number,From Last,Low,High,Odd,Even,01-10,11-20,21-30,31-40,41-50
5847,24/08/2024,1,5,12,23,31,42,9,,4,2,4,2,2,1,1,1,1
5846,21/08/2024,6,18,39,40,41,45,11,,2,4,3,3,1,1,0,2,2
5845,18/08/2024,5,11,12,42,43,48,39,,3,3,3,3,1,2,0,0,3
5844,17/08/2024,4,10,16,19,38,49,2,10,4,2,2,4,2,2,0,1,1
5843,14/08/2024,10,12,31,35,37,39,21,,2,4,4,2,1,1,0,4,0
5842,13/08/2024,5,7,17,21,22,49,2,22,5,1,5,1,2,1,2,0,1
5841,11/08/2024,2,22,34,35,44,50,17,,2,4,1,5,1,0,1,2,2
5840,10/08/2024,10,11,12,13,46,47,4,,4,2,3,3,1,3,0,0,2
5839,07/08/2024,4,6,17,30,33,48,26,,3,3,2,4,2,1,1,1,1
5838,04/08/2024,3,5,11,12,34,42,15,,4,2,3,3,2,2,0,1,1
5837,03/08/2024,9,14,26,31,33,39,24,33,2,4,4,2,1,1,1,3,0
5836,31/07/2024,7,33,37,45,46,48,2,,1,5,4,2,1,0,0,2,3
5835,28/07/2024,4,11,17,25,29,50,3,,4,2,4,2,1,2,2,0,1
5834,27/07/2024,30,36,37,44,46,48,15,,0,6,1,5,0,0,1,2,3
5833,24/07/2024,10,22,24,32,41,43,3,,3,3,2,4,1,0,2,1,2
5832,21/07/2024,1,9,12,18,28,44,16,18,4,2,2,4,2,2,1,0,1
5831,20/07/2024,10,15,18,19,25,45,38,,5,1,4,2,1,3,1,0,1
5830,17/07/2024,2,3,5,7,20,43,1,2,5,1,4,2,4,1,0,0,1
5829,14/07/2024,2,23,29,31,38,44,4,,2,4,3,3,1,0,2,2,1
5828,13/07/2024,12,22,30,33,40,45,21,,2,4,2,4,0,1,2,2,1
5827,10/07/2024,4,7,20,41,46,50,40,,3,3,2,4,2,1,0,0,3
5826,07/07/2024,2,16,19,27,30,36,39,36,3,3,2,4,1,2,2,1,0
5825,06/07/2024,3,4,12,36,47,49,6,,3,3,3,3,2,1,0,1,2
5824,03/07/2024,16,24,30,31,39,41,12,31,2,4,3,3,0,1,2,2,1
5823,30/06/2024,18,31,32,33,44,46,25,,1,5,2,4,0,1,0,3,2
5822,29/06/2024,11,14,22,37,42,47,38,22,3,3,3,3,0,2,1,1,2
5821,26/06/2024,2,15,20,22,34,41,42,,4,2,2,4,1,2,1,1,1
5820,25/06/2024,6,7,14,23,24,25,48,,6,0,3,3,2,1,3,0,0
5819,23/06/2024,22,27,31,36,37,48,40,,1,5,3,3,0,0,2,3,1
5818,22/06/2024,5,9,10,18,23,45,38,,5,1,4,2,3,1,1,0,1
5817,19/06/2024,2,19,27,30,34,37,41,,2,4,3,3,1,1,2,2,0
5816,16/06/2024,14,20,24,29,40,48,4,14,3,3,1,5,0,2,2,1,1
5815,15/06/2024,4,5,6,14,30,35,8,,4,2,2,4,3,1,1,1,0
5814,12/06/2024,7,10,21,29,39,42,3,,3,3,4,2,2,0,2,1,1
5813,09/06/2024,17,18,28,34,40,44,39,28,2,4,1,5,0,2,1,2,1
5812,08/06/2024,24,27,28,32,43,50,8,32,1,5,2,4,0,0,3,1,2
5811,05/06/2024,2,8,30,32,42,45,33,,2,4,1,5,2,0,1,1,2
5810,02/06/2024,17,23,31,36,38,47,50,47,2,4,4,2,0,1,1,3,1
5809,01/06/2024,3,7,25,46,47,49,8,,3,3,5,1,2,0,1,0,3
5808,29/05/2024,5,13,17,20,33,48,46,33,4,2,4,2,1,3,0,1,1
5807,28/05/2024,28,33,36,44,47,50,10,"36,44",0,6,2,4,0,0,1,2,3
5806,26/05/2024,17,34,36,42,44,49,31,,1,5,2,4,0,1,0,2,3
5805,25/05/2024,9,21,23,24,37,41,40,21,4,2,5,1,1,0,3,1,1
5804,22/05/2024,5,21,28,43,46,47,17,5,2,4,4,2,1,0,2,0,3
5803,19/05/2024,5,10,25,37,42,50,48,"5,25",3,3,3,3,2,0,1,1,2
5802,18/05/2024,5,11,17,25,30,49,1,,4,2,5,1,1,2,2,0,1
5801,15/05/2024,12,16,26,34,47,48,41,,2,4,1,5,0,2,1,1,2
5800,12/05/2024,4,10,21,25,33,44,6,33,4,2,3,3,2,0,2,1,1
5799,11/05/2024,15,29,33,35,41,45,10,,1,5,6,0,0,1,1,2,2
5798,08/05/2024,1,2,6,9,24,34,42,,5,1,2,4,4,0,1,1,0
5797,05/05/2024,4,25,27,39,45,49,29,,2,4,5,1,1,0,2,1,2
5796,04/05/2024,2,6,11,14,21,47,45,,5,1,3,3,2,2,1,0,1
5795,01/05/2024,5,8,23,35,36,46,48,"5,8,36",3,3,3,3,2,0,1,2,1
5794,28/04/2024,5,8,26,31,36,49,45,5,2,4,3,3,2,0,1,2,1
5793,27/04/2024,5,35,39,40,46,50,11,,1,5,3,3,1,0,0,3,2
5792,24/04/2024,4,7,9,27,30,32,10,7,3,3,3,3,3,0,2,1,0
5791,21/04/2024,7,8,19,22,23,29,18,,5,1,4,2,2,1,3,0,0
5790,20/04/2024,20,35,41,44,48,50,27,20,1,5,2,4,0,1,0,1,4
5789,17/04/2024,12,13,16,18,20,46,23,,5,1,1,5,0,5,0,0,1
5788,14/04/2024,2,29,34,41,43,50,24,"2,29",1,5,3,3,1,0,1,1,3
5787,13/04/2024,2,3,13,29,42,44,48,,3,3,3,3,2,1,1,0,2
5786,10/04/2024,7,10,11,30,43,45,21,45,3,3,4,2,2,1,1,0,2
5785,07/04/2024,14,19,22,29,45,47,36,"14,19",3,3,4,2,0,2,2,0,2
5784,06/04/2024,7,12,14,19,28,36,42,"19,28",4,2,2,4,1,3,1,1,0
5783,03/04/2024,3,13,19,26,28,40,18,,3,3,3,3,1,2,2,1,0
5782,31/03/2024,7,15,23,31,45,48,9,,3,3,5,1,1,1,1,1,2
5781,30/03/2024,10,16,17,29,30,39,47,17,3,3,3,3,1,2,2,1,0
5780,27/03/2024,13,14,17,27,28,46,29,13,3,3,3,3,0,3,2,0,1
5779,24/03/2024,13,26,32,40,45,47,36,45,1,5,3,3,0,1,1,2,2
5778,23/03/2024,3,18,21,28,37,45,42,,3,3,4,2,1,1,2,1,1
5777,20/03/2024,15,30,36,44,48,50,5,"44,50",1,5,1,5,0,1,1,1,3
5776,17/03/2024,16,27,28,39,44,50,37,16,1,5,2,4,0,1,2,1,2
5775,16/03/2024,14,16,18,36,38,41,20,36,3,3,1,5,0,3,0,2,1
5774,13/03/2024,7,17,31,36,42,45,44,,2,4,4,2,1,1,0,2,2
5773,10/03/2024,8,9,13,16,20,32,15,,5,1,2,4,2,3,0,1,0
5772,09/03/2024,10,18,28,30,34,41,32,10,2,4,1,5,1,1,2,1,1
5771,06/03/2024,5,10,22,23,24,47,50,,5,1,3,3,2,0,3,0,1
5770,05/03/2024,6,15,17,29,35,49,18,,3,3,5,1,1,2,1,1,1
5769,03/03/2024,14,16,21,26,34,42,9,14,3,3,1,5,0,2,2,1,1
5768,02/03/2024,6,12,14,19,25,28,35,6,5,1,2,4,1,3,2,0,0
5767,28/02/2024,6,31,34,43,46,49,27,31,1,5,3,3,1,0,0,2,3
5766,25/02/2024,7,21,27,31,41,42,4,,2,4,5,1,1,0,2,1,2
5765,24/02/2024,23,30,32,34,44,47,26,"32,34",1,5,2,4,0,0,2,2,2
5764,21/02/2024,11,12,15,29,32,34,21,11,3,3,3,3,0,3,1,2,0
5763,20/02/2024,1,2,11,20,44,48,38,1,4,2,2,4,2,2,0,0,2
5762,18/02/2024,1,8,14,34,41,49,13,14,3,3,3,3,2,1,0,1,2
5761,17/02/2024,14,15,17,19,38,44,48,,4,2,3,3,0,4,0,1,1
5760,14/02/2024,9,20,33,43,45,50,27,43,2,4,4,2,1,1,0,1,3
5759,13/02/2024,7,15,29,37,43,49,36,,2,4,6,0,1,1,1,1,2
5758,11/02/2024,2,3,17,42,47,48,5,3,3,3,3,3,2,1,0,0,3
5757,10/02/2024,3,8,24,25,36,49,46,25,4,2,3,3,2,0,2,1,1
5756,07/02/2024,2,6,12,25,47,50,41,,4,2,2,4,2,1,1,0,2
5755,04/02/2024,9,18,24,32,39,44,19,,3,3,2,4,1,1,1,2,1
5754,03/02/2024,8,15,31,33,45,48,19,48,2,4,4,2,1,1,0,2,2
5753,31/01/2024,21,30,36,48,49,50,29,,1,5,2,4,0,0,2,1,3
5752,28/01/2024,6,8,11,25,27,33,50,,4,2,4,2,2,1,2,1,0
5751,27/01/2024,4,15,20,29,34,35,45,35,3,3,3,3,1,2,1,2,0
5750,24/01/2024,3,6,25,28,35,50,40,,3,3,3,3,2,0,2,1,1
5749,21/01/2024,7,18,24,29,42,47,5,18,3,3,3,3,1,1,2,0,2
5748,20/01/2024,10,13,18,23,35,45,1,13,4,2,4,2,1,2,1,1,1
5747,17/01/2024,7,13,20,31,33,44,2,,3,3,4,2,1,2,0,2,1
5746,14/01/2024,5,6,18,29,38,49,12,"29,38",3,3,3,3,2,1,1,1,1
5745,13/01/2024,14,15,19,29,38,39,11,14,3,3,4,2,0,3,1,2,0
5744,10/01/2024,14,21,33,34,41,45,17,33,2,4,4,2,0,1,1,2,2
5743,07/01/2024,22,31,33,39,40,47,13,31,1,5,4,2,0,0,1,4,1
5742,06/01/2024,1,13,27,30,31,46,12,"1,13",2,4,4,2,1,1,2,1,1
5741,03/01/2024,1,13,35,47,49,50,48,49,2,4,5,1,1,1,0,1,3
5740,31/12/2023,16,18,29,40,45,49,26,,2,4,3,3,0,2,1,1,2
5739,30/12/2023,6,10,27,33,41,47,46,,2,4,4,2,2,0,1,1,2
5738,27/12/2023,1,2,35,36,37,38,33,,2,4,3,3,2,0,0,4,0
5737,26/12/2023,8,11,29,34,39,41,19,,2,4,4,2,1,1,1,2,1
5736,24/12/2023,4,7,13,14,49,50,3,"4,7",4,2,3,3,2,2,0,0,2
5735,23/12/2023,4,7,10,25,29,41,33,,4,2,4,2,3,0,2,0,1
5734,20/12/2023,14,15,24,36,38,45,21,36,3,3,2,4,0,2,1,2,1
5733,17/12/2023,1,6,9,36,42,49,26,49,3,3,3,3,3,0,0,1,2
5732,16/12/2023,23,30,38,41,45,49,43,,1,5,4,2,0,0,2,1,3
5731,13/12/2023,1,29,33,35,40,44,48,"40,44",1,5,4,2,1,0,1,3,1
5730,10/12/2023,2,24,37,40,42,44,1,40,2,4,1,5,1,0,1,2,2
5729,09/12/2023,13,14,19,31,36,40,5,"14,31",3,3,3,3,0,3,0,3,0
5728,06/12/2023,10,14,15,20,31,43,11,31,4,2,3,3,1,3,0,1,1
5727,03/12/2023,6,11,27,29,31,37,16,,2,4,5,1,1,1,2,2,0
5726,02/12/2023,20,23,30,32,36,48,15,,2,4,1,5,0,1,2,2,1
5725,29/11/2023,1,8,9,26,31,50,15,,3,3,3,3,3,0,1,1,1
5724,26/11/2023,2,13,15,23,35,38,33,2,4,2,4,2,1,2,1,2,0
5723,25/11/2023,2,20,34,40,44,49,7,,2,4,1,5,1,1,0,2,2
5722,22/11/2023,19,28,29,32,38,42,27,19,1,5,2,4,0,1,2,2,1
5721,19/11/2023,1,15,19,25,34,48,40,"34,48",4,2,4,2,1,2,1,1,1
5720,18/11/2023,10,24,29,31,34,48,47,,2,4,2,4,1,0,2,2,1
5719,15/11/2023,15,25,30,42,43,47,28,,2,4,4,2,0,1,2,0,3
5718,12/11/2023,16,28,33,40,44,49,31,"16,40",1,5,2,4,0,1,1,2,2
5717,11/11/2023,9,16,22,27,32,40,14,,3,3,2,4,1,1,2,2,0
5716,08/11/2023,8,19,21,38,41,43,27,,3,3,4,2,1,1,1,1,2
5715,05/11/2023,24,29,30,39,42,50,26,39,1,5,2,4,0,0,3,1,2
5714,04/11/2023,2,4,23,39,41,47,7,,3,3,4,2,2,0,1,1,2
5713,01/11/2023,18,24,29,33,45,49,21,,2,4,4,2,0,1,2,1,2
5712,31/10/2023,2,3,20,22,27,47,31,,4,2,3,3,2,1,2,0,1
5711,29/10/2023,11,23,28,31,32,46,42,,2,4,3,3,0,1,2,2,1
5710,28/10/2023,2,4,12,25,27,50,9,,4,2,2,4,2,1,2,0,1
5709,25/10/2023,1,15,18,33,38,48,49,,3,3,3,3,1,2,0,2,1
5708,22/10/2023,14,23,30,35,42,49,19,14,2,4,3,3,0,1,2,1,2
5707,21/10/2023,3,14,19,24,28,43,26,43,4,2,3,3,1,2,2,0,1
5706,18/10/2023,1,23,36,43,47,50,33,,2,4,4,2,1,0,1,1,3
5705,15/10/2023,10,13,15,16,42,49,25,,4,2,3,3,1,3,0,0,2
5704,14/10/2023,14,17,30,32,38,43,40,32,2,4,2,4,0,2,1,2,1
5703,11/10/2023,20,26,32,37,40,47,36,,1,5,2,4,0,1,1,3,1
5702,08/10/2023,1,3,13,16,33,45,18,33,4,2,5,1,2,2,0,1,1
5701,07/10/2023,2,20,23,28,33,43,7,,3,3,3,3,1,1,2,1,1
5700,04/10/2023,24,25,26,34,36,46,13,"26,34",2,4,1,5,0,0,3,2,1
5699,01/10/2023,2,14,16,17,26,34,15,14,4,2,1,5,1,3,1,1,0
5698,30/09/2023,8,13,14,33,43,44,11,43,3,3,3,3,1,2,0,1,2
5697,27/09/2023,25,32,39,43,45,50,15,"32,39",1,5,4,2,0,0,1,2,3
5696,24/09/2023,9,11,22,28,32,39,12,39,3,3,3,3,1,1,2,2,0
5695,23/09/2023,5,7,21,26,39,48,40,7,3,3,4,2,2,0,2,1,1
5694,20/09/2023,7,25,27,34,36,40,3,,2,4,3,3,1,0,2,3,0
5693,17/09/2023,4,9,11,15,22,31,24,"9,11",5,1,4,2,2,2,1,1,0
5692,16/09/2023,1,9,11,35,43,48,30,,3,3,5,1,2,1,0,1,2
5691,13/09/2023,7,13,15,18,29,32,26,,4,2,4,2,1,3,1,1,0
5690,10/09/2023,3,8,22,38,42,50,11,"8,38",3,3,1,5,2,0,1,1,2
5689,09/09/2023,2,8,15,21,38,48,18,,4,2,2,4,2,1,1,1,1
5688,06/09/2023,22,25,27,34,39,43,14,,2,4,4,2,0,0,3,2,1
5687,03/09/2023,3,7,12,15,17,45,47,"3,7",5,1,5,1,2,3,0,0,1
5686,02/09/2023,3,7,9,11,19,35,16,,5,1,6,0,3,2,0,1,0
5685,30/08/2023,22,23,28,29,34,49,33,34,2,4,3,3,0,0,4,1,1
5684,29/08/2023,12,20,30,31,34,44,5,"34,44",2,4,1,5,0,2,1,2,1
5683,27/08/2023,3,6,33,34,38,44,28,,2,4,2,4,2,0,0,3,1
5682,26/08/2023,7,8,17,32,39,43,28,,3,3,4,2,2,1,0,2,1
5681,23/08/2023,3,11,12,24,28,29,38,"11,24",4,2,3,3,1,2,3,0,0
5680,20/08/2023,11,24,26,46,48,50,13,48,2,4,1,5,0,1,2,0,3
5679,19/08/2023,3,5,15,20,48,49,40,"3,5",4,2,4,2,2,2,0,0,2
5678,16/08/2023,3,5,8,14,22,38,24,,5,1,2,4,3,1,1,1,0
5677,13/08/2023,1,19,20,31,34,46,39,34,3,3,3,3,1,2,0,2,1
5676,12/08/2023,8,11,13,34,40,50,18,,3,3,2,4,1,2,0,2,1
5675,09/08/2023,19,20,28,31,33,49,45,,2,4,4,2,0,2,1,2,1
5674,06/08/2023,3,6,8,22,25,30,11,6,5,1,2,4,3,0,3,0,0
5673,05/08/2023,1,2,6,7,13,34,24,,5,1,3,3,4,1,0,1,0
5672,02/08/2023,12,28,29,35,38,43,25,35,1,5,3,3,0,1,2,2,1
5671,30/07/2023,7,8,10,13,35,44,26,7,4,2,3,3,3,1,0,1,1
5670,29/07/2023,2,5,7,28,31,38,15,2,3,3,3,3,3,0,1,2,0
5669,26/07/2023,2,22,26,30,33,34,24,2,2,4,1,5,1,0,3,2,0
5668,23/07/2023,2,10,12,36,41,43,25,41,3,3,2,4,2,1,0,1,2
5667,22/07/2023,1,14,20,21,33,41,35,,4,2,4,2,1,2,1,1,1
5666,19/07/2023,9,19,25,32,36,48,38,,3,3,3,3,1,1,1,2,1
5665,16/07/2023,3,14,15,22,31,35,18,22,4,2,4,2,1,2,1,2,0
5664,15/07/2023,9,17,22,27,37,48,14,,3,3,4,2,1,1,2,1,1
5663,12/07/2023,10,21,23,25,36,44,32,25,4,2,3,3,1,0,3,1,1
5662,09/07/2023,4,5,8,25,27,39,43,,4,2,4,2,3,0,2,1,0
5661,08/07/2023,3,19,32,37,38,45,46,"19,32",2,4,4,2,1,1,0,3,1
5660,05/07/2023,19,32,33,35,41,47,1,,1,5,5,1,0,1,0,3,2
5659,04/07/2023,3,11,16,22,26,34,49,"3,16",4,2,2,4,1,2,2,1,0
5658,02/07/2023,3,7,10,14,16,31,44,"16,31",5,1,3,3,3,2,0,1,0
5657,01/07/2023,5,9,16,31,44,46,35,44,3,3,3,3,2,1,0,1,2
5656,28/06/2023,8,12,14,34,38,44,1,,3,3,0,6,1,2,0,2,1
5655,25/06/2023,13,15,16,25,30,35,8,16,4,2,4,2,0,3,2,1,0
5654,24/06/2023,1,16,22,38,41,45,37,,3,3,3,3,1,1,1,1,2
5653,21/06/2023,3,4,12,26,31,35,11,,3,3,3,3,2,1,1,2,0
5652,18/06/2023,7,15,16,25,36,38,9,15,4,2,3,3,1,2,1,2,0
5651,17/06/2023,15,27,29,32,39,46,35,"32,46",1,5,4,2,0,1,2,2,1
5650,14/06/2023,17,24,32,36,37,46,42,24,2,4,2,4,0,1,1,3,1
5649,11/06/2023,1,2,3,13,24,33,48,3,5,1,4,2,3,1,1,1,0
5648,10/06/2023,3,19,41,42,46,49,50,,2,4,4,2,1,1,0,0,4
5647,07/06/2023,12,15,18,36,44,50,16,36,3,3,1,5,0,3,0,1,2
5646,04/06/2023,3,10,21,33,36,47,9,"36,47",3,3,4,2,2,0,1,2,1
5645,03/06/2023,17,30,32,34,36,47,14,"17,32",1,5,2,4,0,1,1,3,1
5644,31/05/2023,11,14,17,21,24,32,44,"14,21",5,1,3,3,0,3,2,1,0
5643,30/05/2023,2,14,18,21,22,49,32,"18,21",5,1,2,4,1,2,2,0,1
5642,28/05/2023,3,4,18,21,23,33,1,,5,1,4,2,2,1,2,1,0
5641,27/05/2023,1,13,14,29,32,41,22,,3,3,4,2,1,2,1,1,1
5640,24/05/2023,5,9,17,18,24,31,48,,5,1,4,2,2,2,1,1,0
5639,21/05/2023,1,13,26,37,39,41,42,37,2,4,5,1,1,1,1,2,1
5638,20/05/2023,16,20,36,37,45,49,22,37,2,4,3,3,0,2,0,2,2
5637,17/05/2023,6,13,19,37,38,41,36,13,3,3,4,2,1,2,0,2,1
5636,14/05/2023,4,13,21,22,30,31,17,,4,2,3,3,1,1,3,1,0
5635,13/05/2023,7,8,10,11,15,25,1,25,6,0,4,2,3,2,1,0,0
5634,10/05/2023,2,14,21,25,31,34,22,,4,2,3,3,1,1,2,2,0
5633,07/05/2023,1,6,9,17,38,41,20,,4,2,4,2,3,1,0,1,1
5632,06/05/2023,11,13,19,23,24,34,15,24,5,1,4,2,0,3,2,1,0
5631,03/05/2023,22,24,31,45,47,50,19,,2,4,3,3,0,0,2,1,3
5630,30/04/2023,11,14,15,30,36,46,38,"11,46",3,3,2,4,0,3,1,1,1
5629,29/04/2023,4,11,24,34,40,46,9,40,3,3,1,5,1,1,1,2,1
5628,26/04/2023,7,36,37,40,41,48,12,,1,5,3,3,1,0,0,3,2
5627,23/04/2023,5,6,11,15,16,31,46,"11,15",5,1,4,2,2,3,0,1,0
5626,22/04/2023,7,11,15,25,36,49,9,,4,2,5,1,1,2,1,1,1
5625,19/04/2023,19,29,35,37,42,45,28,,1,5,5,1,0,1,1,2,2
5624,16/04/2023,13,23,25,30,33,39,42,,3,3,5,1,0,1,3,2,0
5623,15/04/2023,3,7,12,22,24,28,36,28,5,1,2,4,2,1,3,0,0
5622,12/04/2023,9,11,18,28,31,44,45,,3,3,3,3,1,2,1,1,1
5621,09/04/2023,5,19,30,36,38,43,7,38,2,4,3,3,1,1,1,2,1
5620,08/04/2023,1,12,18,38,39,50,35,50,3,3,2,4,1,2,0,2,1
5619,05/04/2023,2,4,45,47,48,50,26,48,2,4,2,4,2,0,0,0,4
5618,02/04/2023,6,13,34,39,42,48,37,34,2,4,2,4,1,1,0,2,2
5617,01/04/2023,3,4,18,27,34,49,10,27,3,3,3,3,2,1,1,1,1
5616,29/03/2023,14,15,23,27,42,48,1,"23,48",3,3,3,3,0,2,2,0,2
5615,26/03/2023,1,9,21,23,43,48,13,"1,21",4,2,5,1,2,0,2,0,2
5614,25/03/2023,1,3,4,21,40,46,48,,4,2,3,3,3,0,1,1,1
5613,22/03/2023,6,11,23,28,37,42,12,,3,3,3,3,1,1,2,1,1
5612,19/03/2023,7,15,20,31,34,45,11,,3,3,4,2,1,2,0,2,1
5611,18/03/2023,1,27,30,36,41,44,7,,1,5,3,3,1,0,2,1,2
5610,15/03/2023,2,20,34,38,39,49,9,"20,49",2,4,2,4,1,1,0,3,1
5609,12/03/2023,1,3,14,20,25,49,47,,5,1,4,2,2,2,1,0,1
5608,11/03/2023,2,29,39,40,44,50,10,,1,5,2,4,1,0,1,2,2
5607,08/03/2023,8,11,19,21,26,37,34,8,4,2,4,2,1,2,2,1,0
5606,07/03/2023,1,8,28,32,44,48,47,"1,44",2,4,1,5,2,0,1,1,2
5605,05/03/2023,1,2,23,34,39,44,37,,3,3,3,3,2,0,1,2,1
5604,04/03/2023,11,17,32,33,35,48,44,,2,4,4,2,0,2,0,3,1
5603,01/03/2023,3,21,23,31,45,46,34,45,3,3,5,1,1,0,2,1,2
5602,26/02/2023,17,35,42,45,48,49,39,,1,5,4,2,0,1,0,1,4
5601,25/02/2023,7,8,9,23,39,47,35,,4,2,5,1,3,0,1,1,1
5600,22/02/2023,2,11,38,42,46,48,3,,2,4,1,5,1,1,0,1,3
5599,19/02/2023,5,15,19,27,39,49,48,,3,3,6,0,1,2,1,1,1
5598,18/02/2023,8,9,14,28,38,47,46,"14,38",3,3,2,4,2,1,1,1,1
5597,15/02/2023,10,14,29,37,38,45,24,,2,4,3,3,1,1,1,2,1
5596,12/02/2023,12,24,26,28,34,46,35,,2,4,0,6,0,1,3,1,1
5595,11/02/2023,7,8,13,19,22,39,40,,5,1,4,2,2,2,1,1,0
5594,08/02/2023,10,11,29,36,41,47,44,,2,4,4,2,1,1,1,1,2
5593,05/02/2023,30,33,35,39,40,43,7,,0,6,4,2,0,0,1,4,1
5592,04/02/2023,7,8,23,27,45,46,48,,3,3,4,2,2,0,2,0,2
5591,01/02/2023,13,14,21,30,34,47,25,21,3,3,3,3,0,2,2,1,1
5590,31/01/2023,12,20,21,28,42,46,36,,3,3,1,5,0,2,2,0,2
5589,29/01/2023,16,17,25,36,41,43,44,,3,3,4,2,0,2,1,1,2
5588,28/01/2023,2,4,11,22,34,49,42,2,4,2,2,4,2,1,1,1,1
5587,25/01/2023,1,2,7,18,33,47,42,,4,2,4,2,3,1,0,1,1
5586,24/01/2023,10,11,17,29,45,48,46,,3,3,4,2,1,2,1,0,2
5585,22/01/2023,5,35,37,41,46,47,40,"35,46,47",1,5,5,1,1,0,0,2,3
5584,21/01/2023,15,24,35,45,46,47,4,45,2,4,4,2,0,1,1,1,3
5583,18/01/2023,6,8,26,38,39,45,19,26,2,4,2,4,2,0,1,2,1
5582,15/01/2023,2,5,7,23,25,26,29,2,5,1,4,2,3,0,3,0,0
5581,14/01/2023,2,10,28,33,37,41,12,,2,4,3,3,2,0,1,2,1
5580,11/01/2023,7,12,19,20,36,39,21,,4,2,3,3,1,3,0,2,0
5579,08/01/2023,4,9,23,25,30,41,32,,4,2,4,2,2,0,3,0,1
5578,07/01/2023,1,12,26,28,32,37,5,1,2,4,2,4,1,1,2,2,0
5577,04/01/2023,1,6,14,31,38,42,10,6,3,3,2,4,2,1,0,2,1
5576,01/01/2023,4,6,21,25,29,35,39,35,4,2,4,2,2,0,3,1,0
5575,31/12/2022,13,32,35,43,46,49,6,"13,46,49",1,5,4,2,0,1,0,2,3
5574,28/12/2022,13,30,45,46,47,49,8,,1,5,4,2,0,1,1,0,4
5573,27/12/2022,15,26,29,34,40,48,41,,1,5,2,4,0,1,2,2,1
5572,25/12/2022,4,16,23,25,44,45,36,4,4,2,3,3,1,1,2,0,2
5571,24/12/2022,4,17,18,26,32,41,19,32,3,3,2,4,1,2,1,1,1
5570,21/12/2022,2,10,13,20,23,32,36,32,5,1,2,4,2,2,1,1,0
5569,20/12/2022,18,30,32,33,40,47,37,40,1,5,2,4,0,1,1,3,1
5568,18/12/2022,14,22,28,40,42,45,39,"14,45",2,4,1,5,0,1,2,1,2
5567,17/12/2022,4,8,14,31,35,45,16,14,3,3,3,3,2,1,0,2,1
5566,14/12/2022,12,14,19,23,27,44,45,,4,2,3,3,0,3,2,0,1
5565,11/12/2022,8,13,17,18,25,29,2,,5,1,4,2,1,3,2,0,0
5564,10/12/2022,15,26,40,41,46,47,27,47,1,5,3,3,0,1,1,1,3
5563,07/12/2022,1,3,8,9,23,47,21,,5,1,5,1,4,0,1,0,1
5562,06/12/2022,18,24,29,34,39,44,14,39,2,4,2,4,0,1,2,2,1
5561,04/12/2022,17,19,21,30,39,43,28,,3,3,5,1,0,2,2,1,1
5560,03/12/2022,3,8,15,18,40,48,47,"3,8",4,2,2,4,2,2,0,1,1
5559,30/11/2022,3,4,8,19,42,45,50,"3,8,42,45",4,2,3,3,3,1,0,0,2
5558,29/11/2022,2,3,8,33,42,45,46,,3,3,3,3,3,0,0,1,2
5557,27/11/2022,5,7,16,18,22,40,15,,5,1,2,4,2,2,1,1,0
5556,26/11/2022,13,14,25,31,35,38,17,38,3,3,4,2,0,2,1,3,0
5555,23/11/2022,2,11,16,20,33,38,48,,4,2,2,4,1,3,0,2,0
5554,22/11/2022,6,7,29,34,35,45,16,,2,4,4,2,2,0,1,2,1
5553,20/11/2022,16,18,20,31,37,41,38,,3,3,3,3,0,3,0,2,1
5552,19/11/2022,1,11,15,19,24,45,18,11,5,1,5,1,1,3,1,0,1
5551,16/11/2022,11,13,16,17,25,28,50,,5,1,4,2,0,4,2,0,0
5550,15/11/2022,1,6,22,29,36,46,33,1,3,3,2,4,2,0,2,1,1
5549,13/11/2022,1,3,23,32,47,48,22,"1,23",3,3,4,2,2,0,1,1,2
5548,12/11/2022,1,2,5,23,39,50,10,,4,2,4,2,3,0,1,1,1
5547,09/11/2022,4,11,21,22,34,44,30,4,4,2,2,4,1,1,2,1,1
5546,06/11/2022,4,5,26,29,43,45,6,5,2,4,4,2,2,0,2,0,2
5545,05/11/2022,5,7,11,17,21,34,38,,5,1,5,1,2,2,1,1,0
5544,02/11/2022,4,23,30,37,43,47,11,,2,4,4,2,1,0,2,1,2
5543,30/10/2022,1,2,18,28,32,41,20,32,3,3,2,4,2,1,1,1,1
5542,29/10/2022,25,32,39,42,44,48,45,"42,48",1,5,2,4,0,0,1,2,3
5541,26/10/2022,14,30,40,42,48,49,2,,1,5,1,5,0,1,1,1,3
5540,25/10/2022,4,22,33,35,37,43,7,"4,37",2,4,4,2,1,0,1,3,1
5539,23/10/2022,3,4,21,34,37,49,17,,3,3,4,2,2,0,1,2,1
5538,22/10/2022,14,25,28,31,35,42,26,,2,4,3,3,0,1,2,2,1
5537,19/10/2022,6,8,11,19,39,46,21,11,4,2,3,3,2,2,0,1,1
5536,18/10/2022,11,26,29,34,35,40,32,,1,5,3,3,0,1,2,3,0
5535,16/10/2022,10,25,30,41,46,47,31,,2,4,3,3,1,0,2,0,3
5534,15/10/2022,5,29,33,36,43,50,32,"33,36",1,5,4,2,1,0,1,2,2
5533,12/10/2022,2,18,20,33,36,41,4,20,3,3,2,4,1,2,0,2,1
5532,09/10/2022,20,29,44,47,48,49,7,,1,5,3,3,0,1,1,0,4
5531,08/10/2022,5,6,18,28,34,46,9,28,3,3,1,5,2,1,1,1,1
5530,05/10/2022,4,8,24,28,30,47,15,"30,47",3,3,1,5,2,0,3,0,1
5529,02/10/2022,1,11,30,36,42,47,38,"1,11",2,4,3,3,1,1,1,1,2
5528,01/10/2022,1,11,21,26,45,46,7,,3,3,4,2,1,1,2,0,2
5527,28/09/2022,8,14,15,18,27,40,48,27,4,2,2,4,1,3,1,1,0
5526,27/09/2022,7,21,27,31,37,42,29,,2,4,5,1,1,0,2,2,1
5525,25/09/2022,2,3,5,15,30,49,24,15,4,2,4,2,3,1,1,0,1
5524,24/09/2022,8,12,15,27,45,48,9,"12,15,27",3,3,3,3,1,2,1,0,2
5523,21/09/2022,5,12,15,27,34,42,20,"27,42",3,3,3,3,1,2,1,1,1
5522,18/09/2022,4,9,24,27,41,42,30,,3,3,3,3,2,0,2,0,2
5521,17/09/2022,11,22,30,32,35,36,28,,2,4,2,4,0,1,2,3,0
5520,14/09/2022,5,12,25,37,43,48,14,,3,3,4,2,1,1,1,1,2
5519,11/09/2022,14,28,29,31,38,42,46,,1,5,2,4,0,1,2,2,1
5518,10/09/2022,8,9,15,18,22,49,4,,5,1,3,3,2,2,1,0,1
5517,07/09/2022,10,23,29,36,48,50,44,36,2,4,2,4,1,0,2,1,2
5516,06/09/2022,6,14,26,36,39,45,21,,2,4,2,4,1,1,1,2,1
5515,04/09/2022,4,13,28,38,44,50,25,13,2,4,1,5,1,1,1,1,2
5514,03/09/2022,1,13,34,36,41,47,26,1,2,4,4,2,1,1,0,2,2
5513,31/08/2022,1,6,23,33,46,48,28,"33,48",3,3,3,3,2,0,1,1,2
5512,28/08/2022,20,22,33,35,36,48,44,33,2,4,2,4,0,1,1,3,1
5511,27/08/2022,12,15,23,31,33,43,20,,3,3,5,1,0,2,1,2,1
5510,24/08/2022,2,9,30,35,40,42,4,,2,4,2,4,2,0,1,2,1
5509,21/08/2022,8,13,22,24,32,43,31,,4,2,2,4,1,1,2,1,1
5508,20/08/2022,2,3,26,35,39,46,45,26,2,4,3,3,2,0,1,2,1
5507,17/08/2022,7,9,26,32,38,47,1,38,2,4,3,3,2,0,1,2,1
5506,16/08/2022,12,23,31,35,38,42,37,23,2,4,3,3,0,1,1,3,1
5505,14/08/2022,2,14,19,23,27,30,32,,4,2,3,3,1,2,3,0,0
5504,13/08/2022,3,16,33,44,46,49,23,,2,4,3,3,1,1,0,1,3
5503,10/08/2022,23,25,26,29,34,42,16,,2,4,3,3,0,0,4,1,1
5502,09/08/2022,10,15,24,27,35,50,6,15,3,3,3,3,1,1,2,1,1
5501,07/08/2022,1,8,15,17,29,40,31,40,4,2,4,2,2,2,1,1,0
5500,06/08/2022,16,18,20,26,39,40,6,40,3,3,1,5,0,3,1,2,0
5499,03/08/2022,3,10,37,40,44,48,32,,2,4,2,4,2,0,0,2,2
5498,02/08/2022,4,8,13,20,32,50,43,,4,2,1,5,2,2,0,1,1
5497,31/07/2022,19,23,31,34,42,44,26,,2,4,3,3,0,1,1,2,2
5496,30/07/2022,1,5,14,21,35,47,44,,4,2,5,1,2,1,1,1,1
5495,27/07/2022,4,11,17,19,33,44,32,19,4,2,4,2,1,3,0,1,1
5494,26/07/2022,8,10,18,19,29,37,28,,4,2,3,3,2,2,1,1,0
5493,24/07/2022,2,12,30,34,36,43,33,2,2,4,1,5,1,1,1,2,1
5492,23/07/2022,2,7,14,18,25,45,1,,5,1,3,3,2,2,1,0,1
5491,20/07/2022,8,19,26,39,42,44,50,"42,44",2,4,2,4,1,1,1,1,2
5490,19/07/2022,4,16,34,42,44,47,45,"4,44",2,4,1,5,1,1,0,1,3
5489,17/07/2022,4,18,23,44,48,50,29,,3,3,1,5,1,1,1,0,3
5488,16/07/2022,3,9,16,38,43,49,13,,3,3,4,2,2,1,0,1,2
5487,13/07/2022,2,17,32,33,36,50,24,"2,32",2,4,2,4,1,1,0,3,1
5486,10/07/2022,2,23,26,32,34,49,29,32,2,4,2,4,1,0,2,2,1
5485,09/07/2022,24,29,32,37,45,48,9,,1,5,3,3,0,0,2,2,2
5484,06/07/2022,7,20,22,36,43,46,16,"7,20,36",3,3,2,4,1,1,1,1,2
5483,03/07/2022,5,7,20,28,36,48,50,7,3,3,2,4,2,1,1,1,1
5482,02/07/2022,4,6,7,8,39,45,44,,4,2,3,3,4,0,0,1,1
5481,29/06/2022,9,14,18,37,38,42,19,18,3,3,2,4,1,2,0,2,1
5480,28/06/2022,18,19,45,46,47,50,37,,2,4,3,3,0,2,0,0,4
5479,26/06/2022,1,8,20,38,41,48,35,48,3,3,2,4,2,1,0,1,2
5478,25/06/2022,16,18,24,30,46,48,25,,3,3,0,6,0,2,2,0,2
5477,22/06/2022,5,7,8,27,37,47,22,37,3,3,5,1,3,0,1,1,1
5476,19/06/2022,10,14,15,37,39,43,34,,3,3,4,2,1,2,0,2,1
5475,18/06/2022,5,6,18,42,45,50,47,,3,3,2,4,2,1,0,0,3
5474,15/06/2022,4,10,25,28,40,41,38,,3,3,2,4,2,0,2,1,1
5473,14/06/2022,6,11,18,24,36,39,25,,4,2,2,4,1,2,1,2,0
5472,12/06/2022,13,17,21,22,37,47,8,,4,2,5,1,0,2,2,1,1
5471,11/06/2022,5,7,24,28,29,31,41,,3,3,4,2,2,0,3,1,0
5470,08/06/2022,9,22,27,32,33,38,30,,2,4,3,3,1,0,2,3,0
5469,05/06/2022,1,14,23,28,41,50,24,,3,3,3,3,1,1,2,0,2
5468,04/06/2022,4,21,36,40,45,47,43,47,2,4,3,3,1,0,1,2,2
5467,01/06/2022,5,13,31,33,38,47,32,31,2,4,5,1,1,1,0,3,1
5466,31/05/2022,24,25,31,32,34,37,26,25,2,4,3,3,0,0,2,4,0
5465,29/05/2022,14,15,25,28,38,40,30,38,3,3,2,4,0,2,2,2,0
5464,28/05/2022,16,29,32,38,41,43,45,32,1,5,3,3,0,1,1,2,2
5463,25/05/2022,1,20,24,28,32,35,38,,3,3,2,4,1,1,2,2,0
5462,22/05/2022,6,12,16,33,43,44,48,44,3,3,2,4,1,2,0,1,2
5461,21/05/2022,1,18,23,24,38,44,39,,4,2,2,4,1,1,2,1,1
5460,18/05/2022,8,26,29,32,40,45,4,"26,45",1,5,2,4,1,0,2,2,1
5459,15/05/2022,1,5,23,26,43,45,39,,3,3,5,1,2,0,2,0,2
5458,14/05/2022,2,8,16,17,24,42,27,,5,1,1,5,2,2,1,0,1
5457,11/05/2022,1,3,7,13,14,45,20,14,5,1,5,1,3,2,0,0,1
5456,08/05/2022,6,9,14,22,35,50,33,50,4,2,2,4,2,1,1,1,1
5455,07/05/2022,13,16,34,40,48,50,1,,2,4,1,5,0,2,0,2,2
5454,04/05/2022,4,14,21,36,41,44,31,,3,3,2,4,1,1,1,1,2
5453,01/05/2022,6,8,24,29,32,47,14,,3,3,2,4,2,0,2,1,1
5452,30/04/2022,9,15,27,35,38,48,18,,2,4,4,2,1,1,1,2,1
5451,27/04/2022,2,18,19,34,37,44,1,19,3,3,2,4,1,2,0,2,1
5450,24/04/2022,9,17,19,29,30,35,15,35,3,3,5,1,1,2,2,1,0
5449,23/04/2022,2,22,33,34,35,50,28,2,2,4,2,4,1,0,1,3,1
5448,20/04/2022,2,4,9,26,28,39,40,26,3,3,2,4,3,0,2,1,0
5447,17/04/2022,10,16,23,26,27,40,38,26,3,3,2,4,1,1,3,1,0
5446,16/04/2022,5,6,13,26,32,48,1,26,3,3,2,4,2,1,1,1,1
5445,13/04/2022,2,4,8,16,18,26,12,,5,1,0,6,3,2,1,0,0
5444,10/04/2022,5,7,9,17,23,31,6,31,5,1,6,0,3,1,1,1,0
5443,09/04/2022,14,30,31,34,38,46,3,46,1,5,1,5,0,1,1,3,1
5442,06/04/2022,25,35,37,39,45,46,7,"25,37,39",1,5,5,1,0,0,1,3,2
5441,03/04/2022,20,25,33,37,39,47,40,47,2,4,5,1,0,1,1,3,1
5440,02/04/2022,3,13,16,46,47,50,41,,3,3,3,3,1,2,0,0,3
5439,30/03/2022,11,17,23,36,38,44,25,,3,3,3,3,0,2,1,2,1
5438,29/03/2022,8,19,28,30,46,49,18,"19,49",2,4,2,4,1,1,2,0,2
5437,27/03/2022,6,19,23,27,44,49,15,23,3,3,4,2,1,1,2,0,2
5436,26/03/2022,4,5,9,23,41,50,48,5,4,2,4,2,3,0,1,0,2
5435,23/03/2022,1,2,5,19,27,44,26,,4,2,4,2,3,1,1,0,1
5434,20/03/2022,3,9,17,23,33,45,35,,4,2,6,0,2,1,1,1,1
5433,19/03/2022,12,15,21,46,48,49,32,,3,3,3,3,0,2,1,0,3
5432,16/03/2022,5,25,29,30,32,42,7,,2,4,3,3,1,0,3,1,1
5431,13/03/2022,23,26,36,37,39,48,44,,1,5,3,3,0,0,2,3,1
5430,12/03/2022,12,19,24,34,35,47,13,12,3,3,3,3,0,2,1,2,1
5429,09/03/2022,1,6,8,12,18,20,45,,6,0,1,5,3,3,0,0,0
5428,06/03/2022,7,14,21,23,36,46,42,36,4,2,3,3,1,1,2,1,1
5427,05/03/2022,6,18,26,36,37,43,47,6,2,4,2,4,1,1,1,2,1
5426,02/03/2022,1,6,13,16,44,45,22,45,4,2,3,3,2,2,0,0,2
5425,27/02/2022,8,10,19,31,37,45,48,,3,3,4,2,2,1,0,2,1
5424,26/02/2022,12,18,21,30,42,50,44,,3,3,1,5,0,2,2,0,2
5423,23/02/2022,11,29,32,43,45,48,15,29,1,5,4,2,0,1,1,1,3
5422,20/02/2022,29,35,36,37,39,50,22,,0,6,4,2,0,0,1,4,1
5421,19/02/2022,1,16,18,21,33,41,20,1,4,2,4,2,1,2,1,1,1
5420,16/02/2022,1,3,6,9,31,36,24,3,4,2,4,2,4,0,0,2,0
5419,15/02/2022,3,4,12,19,38,49,11,49,4,2,3,3,2,2,0,1,1
5418,13/02/2022,20,23,27,35,47,49,10,23,2,4,5,1,0,1,2,1,2
5417,12/02/2022,3,6,18,22,23,29,43,3,5,1,3,3,2,1,3,0,0
5416,09/02/2022,3,11,30,34,35,42,6,,2,4,3,3,1,1,1,2,1
5415,08/02/2022,12,13,14,29,44,45,26,45,3,3,3,3,0,3,1,0,2
5414,06/02/2022,8,9,24,38,45,49,21,24,3,3,3,3,2,0,1,1,2
5413,05/02/2022,6,24,27,31,47,50,20,6,2,4,3,3,1,0,2,1,2
5412,02/02/2022,5,6,26,30,32,34,40,30,2,4,1,5,2,0,2,2,0
5411,30/01/2022,4,20,22,30,42,47,6,,3,3,1,5,1,1,2,0,2
5410,29/01/2022,33,34,35,43,45,46,7,,0,6,4,2,0,0,0,3,3
5409,26/01/2022,3,9,24,25,30,50,39,"24,50",4,2,3,3,2,0,3,0,1
5408,25/01/2022,14,24,26,28,41,50,34,,2,4,1,5,0,1,3,0,2
5407,23/01/2022,7,9,15,18,25,34,29,,5,1,4,2,2,2,1,1,0
5406,22/01/2022,1,3,30,37,39,42,45,,2,4,4,2,2,0,1,2,1
5405,19/01/2022,2,10,27,33,38,49,50,"10,49",2,4,3,3,2,0,1,2,1
5404,16/01/2022,3,10,24,45,47,49,26,49,3,3,4,2,2,0,1,0,3
5403,15/01/2022,9,31,38,40,41,49,42,31,1,5,4,2,1,0,0,3,2
5402,12/01/2022,7,20,26,31,36,47,49,31,2,4,3,3,1,1,1,2,1
5401,09/01/2022,6,28,31,35,40,42,15,28,1,5,2,4,1,0,1,3,1
5400,08/01/2022,1,3,21,25,26,28,16,,4,2,4,2,2,0,4,0,0
5399,05/01/2022,9,10,11,24,36,46,18,,4,2,2,4,2,1,1,1,1
5398,02/01/2022,2,12,20,25,39,43,26,20,4,2,3,3,1,2,1,1,1
5397,01/01/2022,4,20,21,36,42,49,34,"36,49",3,3,2,4,1,1,1,1,2
5396,29/12/2021,8,18,36,37,48,49,41,"36,37",2,4,2,4,1,1,0,2,2
5395,28/12/2021,10,12,15,31,36,37,39,,3,3,3,3,1,2,0,3,0
5394,26/12/2021,17,27,35,38,39,47,3,27,1,5,5,1,0,1,1,3,1
5393,25/12/2021,1,15,22,26,27,44,33,"15,22",3,3,3,3,1,1,3,0,1
5392,22/12/2021,15,18,22,29,31,48,39,"22,31,48",3,3,3,3,0,2,2,1,1
5391,19/12/2021,1,22,30,31,38,48,26,31,2,4,2,4,1,0,2,2,1
5390,18/12/2021,8,18,20,21,31,32,22,,4,2,2,4,1,2,1,2,0
5389,15/12/2021,2,13,24,27,46,50,30,46,3,3,2,4,1,1,2,0,2
5388,12/12/2021,30,31,38,43,46,47,10,43,0,6,3,3,0,0,1,2,3
5387,11/12/2021,3,5,18,23,26,43,6,3,4,2,4,2,2,1,2,0,1
5386,08/12/2021,3,12,25,36,45,46,19,,3,3,3,3,1,1,1,1,2
5385,07/12/2021,7,11,18,28,42,50,40,11,3,3,2,4,1,2,1,0,2
5384,05/12/2021,9,11,19,26,44,48,38,,3,3,3,3,1,2,1,0,2
5383,04/12/2021,3,18,39,40,41,47,1,,2,4,4,2,1,1,0,2,2
5382,01/12/2021,2,10,17,19,32,45,25,19,4,2,3,3,2,2,0,1,1
5381,30/11/2021,11,16,19,23,26,42,10,19,4,2,3,3,0,3,2,0,1
5380,28/11/2021,2,19,20,37,39,41,43,,3,3,4,2,1,2,0,2,1
5379,27/11/2021,1,7,10,11,30,46,45,,4,2,3,3,3,1,1,0,1
5378,24/11/2021,4,13,18,32,33,43,37,32,3,3,3,3,1,2,0,2,1
5377,21/11/2021,6,11,21,28,30,32,36,,3,3,2,4,1,1,3,1,0
5376,20/11/2021,15,18,29,34,35,43,2,,2,4,4,2,0,2,1,2,1
5375,17/11/2021,3,12,21,24,33,36,34,24,4,2,3,3,1,1,2,2,0
5374,14/11/2021,14,17,22,24,32,48,30,,4,2,1,5,0,2,2,1,1
5373,13/11/2021,9,26,37,44,47,50,40,,1,5,3,3,1,0,1,1,3
5372,10/11/2021,2,13,17,24,42,46,16,17,4,2,2,4,1,2,1,0,2
5371,07/11/2021,17,19,21,41,43,49,9,,3,3,6,0,0,2,1,0,3
5370,06/11/2021,7,8,9,15,16,22,10,16,6,0,3,3,3,2,1,0,0
5369,03/11/2021,3,16,18,19,38,50,45,16,4,2,2,4,1,3,0,1,1
5368,02/11/2021,9,16,17,33,42,47,1,,3,3,4,2,1,2,0,1,2
5367,31/10/2021,2,3,26,29,37,45,13,"37,45",2,4,4,2,2,0,2,1,1
5366,30/10/2021,19,21,37,41,45,49,9,"41,49",2,4,6,0,0,1,1,1,3
5365,27/10/2021,14,18,25,26,41,49,31,26,3,3,3,3,0,2,2,0,2
5364,26/10/2021,1,24,26,29,43,44,4,,2,4,3,3,1,0,3,0,2
5363,24/10/2021,16,27,31,33,45,47,8,,1,5,5,1,0,1,1,2,2
5362,23/10/2021,10,17,23,28,29,43,49,,3,3,4,2,1,1,3,0,1
5361,20/10/2021,4,11,15,18,35,36,9,11,4,2,3,3,1,3,0,2,0
5360,17/10/2021,6,11,14,20,26,32,3,"20,26",4,2,1,5,1,3,1,1,0
5359,16/10/2021,1,4,20,26,34,38,43,,3,3,1,5,2,1,1,2,0
5358,13/10/2021,6,15,28,30,31,41,19,,2,4,3,3,1,1,2,1,1
5357,10/10/2021,7,24,25,34,43,44,19,"24,43",3,3,3,3,1,0,2,1,2
5356,09/10/2021,5,12,24,35,43,50,20,,3,3,3,3,1,1,1,1,2
5355,06/10/2021,14,34,39,42,46,48,43,34,1,5,1,5,0,1,0,2,3
5354,05/10/2021,4,7,8,20,34,38,50,20,4,2,1,5,3,1,0,2,0
5353,03/10/2021,2,14,17,20,22,31,29,,5,1,2,4,1,3,1,1,0
5352,02/10/2021,11,13,24,25,26,34,38,26,4,2,3,3,0,2,3,1,0
5351,29/09/2021,2,7,10,15,26,32,29,32,4,2,2,4,3,1,1,1,0
5350,28/09/2021,9,23,29,32,43,45,34,,2,4,5,1,1,0,2,1,2
5349,26/09/2021,1,18,19,24,40,42,5,,4,2,2,4,1,2,1,1,1
5348,25/09/2021,15,25,30,32,47,49,16,,2,4,4,2,0,1,2,1,2
5347,22/09/2021,19,27,40,41,46,50,35,,1,5,3,3,0,1,1,1,3
5346,19/09/2021,8,22,38,43,44,45,24,,2,4,2,4,1,0,1,1,3
5345,18/09/2021,13,18,19,20,24,27,45,,5,1,3,3,0,4,2,0,0
5344,15/09/2021,3,22,35,37,42,48,34,,2,4,3,3,1,0,1,2,2
5291,30/05/2021,18,27,38,40,45,50,21,18,1,5,2,4,0,1,1,2,2
5290,29/05/2021,6,10,11,17,18,36,12,"10,11,36",5,1,2,4,2,3,0,1,0
5289,26/05/2021,10,11,21,31,36,50,18,,3,3,3,3,1,1,1,2,1
5288,25/05/2021,3,22,34,38,45,48,17,34,2,4,2,4,1,0,1,2,2
5287,23/05/2021,2,9,17,34,35,41,27,"9,17",3,3,4,2,2,1,0,2,1
5286,22/05/2021,1,3,9,10,17,49,44,,5,1,5,1,4,1,0,0,1
5285,19/05/2021,5,19,24,25,42,43,28,42,4,2,4,2,1,1,2,0,2
5284,16/05/2021,18,20,23,37,41,42,50,42,3,3,3,3,0,2,1,1,2
5283,15/05/2021,19,27,34,35,42,49,17,,1,5,4,2,0,1,1,2,2
5282,12/05/2021,1,4,15,29,33,39,30,15,3,3,5,1,2,1,1,2,0
5281,09/05/2021,6,15,17,41,45,46,1,45,3,3,4,2,1,2,0,0,3
5280,08/05/2021,2,10,31,40,45,49,9,,2,4,3,3,2,0,0,2,2
5279,05/05/2021,5,18,20,29,33,42,10,"5,18,20",3,3,3,3,1,2,1,1,1
5278,02/05/2021,5,8,12,13,18,20,1,20,6,0,2,4,2,4,0,0,0
5277,01/05/2021,20,21,30,37,42,47,10,,2,4,3,3,0,1,2,1,2
5276,28/04/2021,8,10,12,16,22,50,47,,5,1,0,6,2,2,1,0,1
5275,25/04/2021,24,30,31,38,42,48,39,24,1,5,1,5,0,0,2,2,2
5274,24/04/2021,1,7,15,24,32,50,10,7,4,2,3,3,2,1,1,1,1
5273,21/04/2021,4,7,10,13,38,42,47,,4,2,2,4,3,1,0,1,1
5272,18/04/2021,22,28,31,33,43,44,37,43,1,5,3,3,0,0,2,2,2
5271,17/04/2021,4,27,43,45,46,50,38,46,1,5,3,3,1,0,1,0,4
5270,14/04/2021,7,41,44,46,48,49,9,49,1,5,3,3,1,0,0,0,5
5269,11/04/2021,11,17,25,30,47,49,48,"17,49",3,3,5,1,0,2,2,0,2
5268,10/04/2021,9,17,37,40,44,49,22,9,2,4,4,2,1,1,0,2,2
5267,07/04/2021,6,9,22,24,43,46,41,,4,2,2,4,2,0,2,0,2
5266,06/04/2021,10,19,28,38,41,47,13,"19,38,41",2,4,3,3,1,1,1,1,2
5265,04/04/2021,2,3,4,19,38,41,46,,4,2,3,3,3,1,0,1,1
5264,03/04/2021,11,13,15,16,17,21,32,,6,0,5,1,0,5,1,0,0
5263,31/03/2021,1,3,22,40,44,45,27,,3,3,3,3,2,0,1,1,2
5262,30/03/2021,13,17,21,36,37,49,9,,3,3,5,1,0,2,1,2,1
5261,28/03/2021,9,12,15,35,44,45,2,35,3,3,4,2,1,2,0,1,2
5260,27/03/2021,8,19,30,33,35,38,7,19,2,4,3,3,1,1,1,3,0
5259,24/03/2021,3,16,19,21,36,50,18,"16,21",4,2,3,3,1,2,1,1,1
5258,21/03/2021,16,17,21,23,33,40,24,,4,2,4,2,0,2,2,2,0
5257,20/03/2021,4,14,24,28,32,43,17,43,3,3,1,5,1,1,2,1,1
5256,17/03/2021,3,22,29,34,36,43,14,"36,43",2,4,3,3,1,0,2,2,1
5255,14/03/2021,9,18,36,39,43,45,48,"43,45",2,4,4,2,1,1,0,2,2
5254,13/03/2021,23,27,34,41,43,45,50,45,1,5,5,1,0,0,2,1,3
5253,10/03/2021,5,25,29,31,44,45,9,31,2,4,5,1,1,0,2,1,2
5252,07/03/2021,8,19,23,31,41,42,44,,3,3,4,2,1,1,1,1,2
5251,06/03/2021,22,26,33,40,43,49,31,40,1,5,3,3,0,0,2,2,2
5250,03/03/2021,3,5,6,20,28,40,19,,4,2,2,4,3,1,1,1,0
5249,02/03/2021,4,10,11,13,34,49,12,,4,2,3,3,2,2,0,1,1
5248,28/02/2021,7,15,20,21,27,28,36,7,4,2,4,2,1,2,3,0,0
5247,27/02/2021,7,9,14,16,29,36,42,"7,9",4,2,3,3,2,2,1,1,0
5246,24/02/2021,7,9,13,22,24,46,14,9,5,1,3,3,2,1,2,0,1
5245,21/02/2021,4,9,16,29,30,50,43,"29,30",3,3,2,4,2,1,2,0,1
5244,20/02/2021,3,13,21,26,29,30,12,,3,3,4,2,1,1,4,0,0
5243,17/02/2021,18,25,32,34,40,46,4,,2,4,1,5,0,1,1,3,1
5242,16/02/2021,2,15,21,42,43,50,6,,3,3,3,3,1,1,1,0,3
5241,14/02/2021,1,7,10,16,17,47,45,16,5,1,4,2,3,2,0,0,1
5240,13/02/2021,9,16,30,41,42,44,10,44,2,4,2,4,1,1,1,0,3
5239,10/02/2021,20,29,34,44,47,49,43,49,1,5,3,3,0,1,1,1,3
5238,09/02/2021,10,16,17,25,35,49,9,16,4,2,4,2,1,2,1,1,1
5237,07/02/2021,2,16,20,36,40,50,10,,3,3,0,6,1,2,0,2,1
5236,06/02/2021,5,21,22,23,41,42,24,21,4,2,4,2,1,0,3,0,2
5235,03/02/2021,12,15,20,21,36,50,39,,4,2,2,4,0,3,1,1,1
5234,02/02/2021,6,11,16,25,29,46,49,,4,2,3,3,1,2,2,0,1
5233,31/01/2021,3,9,15,17,31,47,23,,4,2,6,0,2,2,0,1,1
5232,30/01/2021,5,6,11,18,24,43,48,,5,1,3,3,2,2,1,0,1
5231,27/01/2021,9,22,27,34,39,40,33,40,2,4,3,3,1,0,2,3,0
5230,26/01/2021,1,17,21,35,40,44,5,,3,3,4,2,1,1,1,2,1
5229,24/01/2021,3,5,13,19,24,26,1,,5,1,4,2,2,2,2,0,0
5228,23/01/2021,8,23,28,43,45,47,12,,2,4,4,2,1,0,2,0,3
5227,20/01/2021,2,6,24,35,40,44,28,2,3,3,1,5,2,0,1,2,1
5226,17/01/2021,2,7,11,34,39,45,27,,3,3,4,2,2,1,0,2,1
5225,16/01/2021,8,31,32,35,37,49,4,35,1,5,4,2,1,0,0,4,1
5224,13/01/2021,10,25,29,35,45,46,47,46,2,4,4,2,1,0,2,1,2
5223,10/01/2021,1,4,18,31,46,49,36,,3,3,3,3,2,1,0,1,2
5222,09/01/2021,19,23,33,40,43,48,32,,2,4,4,2,0,1,1,2,2
5221,06/01/2021,3,11,18,31,35,45,25,,3,3,5,1,1,2,0,2,1
5220,03/01/2021,7,9,17,21,27,40,2,,4,2,5,1,2,1,2,1,0
5219,02/01/2021,1,19,33,41,43,49,34,33,2,4,6,0,1,1,0,1,3
5218,30/12/2020,8,11,17,18,33,40,43,,4,2,3,3,1,3,0,2,0
5217,27/12/2020,4,9,25,30,43,44,24,,3,3,3,3,2,0,2,0,2
5216,26/12/2020,6,7,19,31,32,45,21,31,3,3,4,2,2,1,0,2,1
5215,23/12/2020,10,25,30,31,34,37,36,"10,37",2,4,3,3,1,0,2,3,0
5214,20/12/2020,10,14,32,37,46,49,39,,2,4,2,4,1,1,0,2,2
5213,19/12/2020,4,11,17,21,22,45,9,"11,45",5,1,4,2,1,2,2,0,1
5212,16/12/2020,2,11,23,28,40,45,8,,3,3,3,3,1,1,2,1,1
5211,13/12/2020,22,26,31,38,43,50,28,,1,5,2,4,0,0,2,2,2
5210,12/12/2020,4,14,29,30,45,46,39,45,2,4,2,4,1,1,2,0,2
5209,09/12/2020,1,18,19,32,45,49,12,19,3,3,4,2,1,2,0,1,2
5208,06/12/2020,4,6,19,25,30,34,44,30,4,2,2,4,2,1,2,1,0
5207,05/12/2020,9,15,20,26,30,39,42,,3,3,3,3,1,2,2,1,0
5206,02/12/2020,12,23,27,29,41,49,26,27,2,4,5,1,0,1,3,0,2
5205,01/12/2020,1,17,22,27,34,36,10,34,3,3,3,3,1,1,2,2,0
5204,29/11/2020,7,12,18,34,38,42,9,,3,3,1,5,1,2,0,2,1
5203,28/11/2020,1,3,11,32,33,36,9,33,3,3,4,2,2,1,0,3,0
5202,25/11/2020,27,29,31,33,35,49,13,27,0,6,6,0,0,0,2,3,1
5201,22/11/2020,8,18,27,38,43,44,39,"38,43",2,4,2,4,1,1,1,1,2
5200,21/11/2020,16,25,34,38,43,49,36,34,2,4,3,3,0,1,1,2,2
5199,18/11/2020,1,2,11,12,15,34,30,,5,1,3,3,2,3,0,1,0
5198,15/11/2020,9,14,24,31,33,43,13,14,3,3,4,2,1,1,1,2,1
5197,14/11/2020,5,10,13,14,27,46,18,,4,2,3,3,2,2,1,0,1
5196,11/11/2020,1,3,8,19,28,34,32,,4,2,3,3,3,1,1,1,0
5195,08/11/2020,9,16,41,44,45,46,18,,2,4,3,3,1,1,0,0,4
5194,07/11/2020,7,8,17,33,38,49,42,,3,3,4,2,2,1,0,2,1
5193,04/11/2020,6,15,22,30,37,45,46,,3,3,3,3,1,1,2,1,1
5192,03/11/2020,8,12,13,34,44,50,33,,3,3,1,5,1,2,0,1,2
5191,01/11/2020,4,5,23,27,31,47,21,31,3,3,5,1,2,0,2,1,1
5190,31/10/2020,10,31,35,38,40,46,9,,1,5,2,4,1,0,0,4,1
5189,28/10/2020,6,12,19,23,39,42,2,,4,2,3,3,1,2,1,1,1
5188,25/10/2020,3,4,25,28,30,46,45,,3,3,2,4,2,0,3,0,1
5187,24/10/2020,2,7,33,34,48,50,40,7,2,4,2,4,2,0,0,2,2
5186,21/10/2020,5,7,13,16,23,26,47,16,5,1,4,2,2,2,2,0,0
5185,18/10/2020,1,16,34,36,41,50,20,,2,4,2,4,1,1,0,2,2
5184,17/10/2020,2,18,19,28,32,43,40,43,3,3,2,4,1,2,1,1,1
5183,14/10/2020,1,9,17,34,43,44,29,"9,43",3,3,4,2,2,1,0,1,2
5182,13/10/2020,9,23,30,38,43,50,10,,2,4,3,3,1,0,2,1,2
5181,11/10/2020,8,13,15,27,33,41,29,,3,3,5,1,1,2,1,1,1
5180,10/10/2020,5,11,16,23,28,43,21,,4,2,4,2,1,2,2,0,1
5179,07/10/2020,3,7,13,29,35,42,39,35,3,3,5,1,2,1,1,1,1
5178,04/10/2020,11,15,27,32,35,38,49,32,2,4,4,2,0,2,1,3,0
5177,03/10/2020,6,9,18,29,30,32,47,6,3,3,2,4,2,1,2,1,0
5176,30/09/2020,6,14,15,21,23,43,1,,5,1,4,2,1,2,2,0,1
5175,27/09/2020,9,19,20,35,40,46,22,"20,35",3,3,3,3,1,2,0,2,1
5174,26/09/2020,16,20,21,35,41,45,32,16,3,3,4,2,0,2,1,1,2
5173,23/09/2020,8,16,32,39,44,47,24,32,2,4,2,4,1,1,0,2,2
5172,20/09/2020,4,18,24,32,34,43,31,18,3,3,1,5,1,1,1,2,1
5171,19/09/2020,2,18,23,36,47,48,34,48,3,3,2,4,1,1,1,1,2
5170,16/09/2020,15,28,33,41,48,50,12,,1,5,3,3,0,1,1,1,3
5169,13/09/2020,8,9,10,11,14,27,18,9,5,1,3,3,3,2,1,0,0
5168,12/09/2020,9,16,37,39,45,49,11,45,2,4,5,1,1,1,0,2,2
5167,09/09/2020,7,8,21,40,45,48,6,48,3,3,3,3,2,0,1,1,2
5166,06/09/2020,1,15,24,30,47,48,42,,3,3,3,3,1,1,2,0,2
5165,05/09/2020,12,14,17,42,43,49,35,42,3,3,3,3,0,3,0,0,3
5164,02/09/2020,9,19,23,36,42,45,3,,3,3,4,2,1,1,1,1,2
5163,01/09/2020,10,17,26,29,33,39,46,,2,4,4,2,1,1,2,2,0
5162,30/08/2020,2,24,34,37,45,46,26,45,2,4,2,4,1,0,1,2,2
5161,29/08/2020,7,11,14,21,27,45,19,27,4,2,5,1,1,2,2,0,1
5160,26/08/2020,5,13,17,23,27,49,29,"5,23",4,2,6,0,1,2,2,0,1
5159,23/08/2020,5,7,11,23,31,37,29,,4,2,6,0,2,1,1,2,0
5158,22/08/2020,3,26,34,39,40,49,18,40,1,5,3,3,1,0,1,3,1
5157,19/08/2020,5,10,18,22,40,44,19,44,4,2,1,5,2,1,1,1,1
5156,16/08/2020,26,31,32,33,36,44,35,33,0,6,2,4,0,0,1,4,1
5155,15/08/2020,8,14,15,16,28,33,7,14,4,2,2,4,1,3,1,1,0
5154,12/08/2020,11,14,17,24,32,43,13,14,4,2,3,3,0,3,1,1,1
5153,09/08/2020,14,25,30,44,48,50,28,,2,4,1,5,0,1,2,0,3
5152,08/08/2020,5,10,12,21,42,49,46,,4,2,3,3,2,1,1,0,2
5151,05/08/2020,8,14,34,35,37,44,6,,2,4,2,4,1,1,0,3,1
5150,02/08/2020,3,7,19,30,42,45,20,,3,3,4,2,2,1,1,0,2
5149,01/08/2020,2,6,17,20,26,29,7,"2,6",4,2,2,4,2,2,2,0,0
5148,29/07/2020,2,6,16,24,35,50,45,,4,2,1,5,2,1,1,1,1
5147,26/07/2020,10,12,19,22,39,40,49,"12,19",4,2,2,4,1,2,1,2,0
5146,25/07/2020,9,12,19,20,29,47,46,,4,2,4,2,1,3,1,0,1
5145,22/07/2020,3,4,8,10,11,27,42,3,5,1,3,3,4,1,1,0,0
5144,19/07/2020,3,15,22,34,43,47,5,,3,3,4,2,1,1,1,1,2
5143,18/07/2020,4,11,14,28,30,42,29,,3,3,1,5,1,2,2,0,1
5142,15/07/2020,2,7,10,17,38,46,32,38,4,2,2,4,3,1,0,1,1
5141,12/07/2020,14,19,35,38,39,50,12,,2,4,3,3,0,2,0,3,1
5140,11/07/2020,2,5,22,29,37,47,49,22,3,3,4,2,2,0,2,1,1
5139,08/07/2020,15,18,22,24,38,48,44,,4,2,1,5,0,2,2,1,1
5138,07/07/2020,5,13,23,35,37,46,6,46,3,3,5,1,1,1,1,2,1
5137,05/07/2020,14,27,30,32,41,46,15,,1,5,2,4,0,1,2,1,2
5136,04/07/2020,2,6,18,19,33,43,8,,4,2,3,3,2,2,0,1,1
5135,01/07/2020,3,4,5,11,39,42,38,42,4,2,4,2,3,1,0,1,1
5134,28/06/2020,14,27,32,35,42,46,21,,1,5,2,4,0,1,1,2,2
5133,27/06/2020,12,22,25,33,37,44,35,,3,3,3,3,0,1,2,2,1
5132,24/06/2020,6,11,24,35,47,50,10,,3,3,3,3,1,1,1,1,2
5131,21/06/2020,3,10,13,29,33,48,38,13,3,3,4,2,2,1,1,1,1
5130,20/06/2020,2,13,27,28,35,45,46,45,2,4,4,2,1,1,2,1,1
5129,17/06/2020,16,32,38,42,45,49,40,,1,5,2,4,0,1,0,2,3
5088,15/03/2020,7,18,27,37,40,44,38,,2,4,3,3,1,1,1,2,1
5087,14/03/2020,3,12,35,38,43,48,19,"3,48",2,4,3,3,1,1,0,2,2
5086,11/03/2020,3,4,6,16,19,48,34,,5,1,2,4,3,2,0,0,1
5085,08/03/2020,17,24,27,28,31,43,49,43,2,4,4,2,0,1,3,1,1
5084,07/03/2020,2,23,26,40,43,45,22,26,2,4,3,3,1,0,2,1,2
5083,04/03/2020,15,16,19,26,32,36,27,36,3,3,2,4,0,3,1,2,0
5082,01/03/2020,1,22,24,36,39,50,20,,3,3,2,4,1,0,2,2,1
5081,29/02/2020,2,14,18,19,21,42,5,2,5,1,2,4,1,3,1,0,1
5080,26/02/2020,1,2,9,10,25,36,27,"1,2,25,36",5,1,3,3,4,0,1,1,0
5079,23/02/2020,1,2,15,18,25,36,4,18,5,1,3,3,2,2,1,1,0
5078,22/02/2020,9,11,18,28,32,33,24,,3,3,3,3,1,2,1,2,0
5077,19/02/2020,26,39,40,41,44,45,33,,0,6,3,3,0,0,1,2,3
5076,16/02/2020,3,8,28,33,34,35,38,,2,4,3,3,2,0,1,3,0
5075,15/02/2020,2,7,11,15,16,25,30,,6,0,4,2,2,3,1,0,0
5074,12/02/2020,18,31,35,39,47,50,15,18,1,5,4,2,0,1,0,3,2
5073,09/02/2020,11,14,16,18,34,37,49,14,4,2,2,4,0,4,0,2,0
5072,08/02/2020,6,14,20,42,44,46,22,44,3,3,0,6,1,2,0,0,3
5071,05/02/2020,18,31,35,44,48,49,36,"35,48",1,5,3,3,0,1,0,2,3
5070,04/02/2020,19,25,34,35,47,48,40,19,2,4,4,2,0,1,1,2,2
5069,02/02/2020,6,8,19,37,38,43,39,,3,3,3,3,2,1,0,2,1
5068,01/02/2020,10,12,13,17,29,34,42,12,4,2,3,3,1,3,1,1,0
5067,29/01/2020,12,18,19,20,26,46,49,,4,2,1,5,0,4,1,0,1
5066,28/01/2020,5,14,30,42,49,50,32,50,2,4,2,4,1,1,1,0,3
5065,26/01/2020,12,23,33,36,47,50,2,12,2,4,3,3,0,1,1,2,2
5064,25/01/2020,1,12,13,29,34,44,30,,3,3,3,3,1,2,1,1,1
5063,22/01/2020,4,6,16,35,41,49,19,49,3,3,3,3,2,1,0,1,2
5062,21/01/2020,10,19,26,42,43,49,30,,2,4,3,3,1,1,1,0,3
5061,19/01/2020,2,3,29,32,36,44,17,44,2,4,2,4,2,0,1,2,1
5060,18/01/2020,5,11,30,40,44,46,12,5,2,4,2,4,1,1,1,1,2
5059,15/01/2020,5,7,15,24,47,50,43,7,4,2,4,2,2,1,1,0,2
5058,12/01/2020,2,7,8,17,28,39,11,,4,2,3,3,3,1,1,1,0
5057,11/01/2020,5,11,30,37,41,50,13,5,2,4,4,2,1,1,1,1,2
5056,08/01/2020,5,10,14,34,36,48,12,,3,3,1,5,2,1,0,2,1
5055,05/01/2020,1,27,28,35,45,47,7,27,1,5,5,1,1,0,2,1,2
5054,04/01/2020,3,5,12,27,38,48,28,"27,38",3,3,3,3,2,1,1,1,1
5053,01/01/2020,23,27,36,37,38,49,29,"38,49",1,5,4,2,0,0,2,3,1
5052,29/12/2019,8,15,33,38,44,49,31,,2,4,3,3,1,1,0,2,2
5051,28/12/2019,5,10,14,17,28,37,23,28,4,2,3,3,2,2,1,1,0
5050,25/12/2019,8,11,25,28,39,48,37,,3,3,3,3,1,1,2,1,1
5049,22/12/2019,4,5,7,24,38,49,48,7,4,2,3,3,3,0,1,1,1
5048,21/12/2019,7,25,27,33,45,50,6,,2,4,5,1,1,0,2,1,2
5047,18/12/2019,3,6,29,31,36,46,34,,2,4,3,3,2,0,1,2,1
5046,15/12/2019,1,26,28,32,38,41,34,1,1,5,2,4,1,0,2,2,1
5045,14/12/2019,1,3,5,27,31,39,30,,3,3,6,0,3,0,1,2,0
5044,11/12/2019,8,17,20,35,38,41,46,38,3,3,3,3,1,2,0,2,1
5043,08/12/2019,5,7,9,23,33,38,15,,4,2,5,1,3,0,1,2,0
5042,07/12/2019,14,16,19,20,36,46,24,"14,19",4,2,1,5,0,4,0,1,1
5041,04/12/2019,14,19,32,39,42,47,16,,2,4,3,3,0,2,0,2,2
5040,03/12/2019,15,17,20,29,30,45,18,,3,3,4,2,0,3,2,0,1
5039,01/12/2019,9,11,18,24,28,32,41,11,4,2,2,4,1,2,2,1,0
5038,30/11/2019,2,11,13,29,30,40,16,,3,3,3,3,1,2,2,1,0
5037,27/11/2019,3,21,26,32,37,41,18,,2,4,4,2,1,0,2,2,1
5036,24/11/2019,4,6,19,24,29,34,12,,4,2,2,4,2,1,2,1,0
5035,23/11/2019,9,17,23,30,32,33,12,,3,3,4,2,1,1,2,2,0
5034,20/11/2019,6,13,18,37,39,41,34,37,3,3,4,2,1,2,0,2,1
5033,17/11/2019,1,16,25,29,37,49,36,25,3,3,5,1,1,1,2,1,1
5032,16/11/2019,5,8,25,30,36,46,18,8,3,3,2,4,2,0,2,1,1
5031,13/11/2019,3,8,27,41,43,44,19,44,2,4,4,2,2,0,1,0,3
5030,10/11/2019,12,20,23,32,44,48,15,32,3,3,1,5,0,2,1,1,2
5029,09/11/2019,22,32,40,41,45,49,13,,1,5,3,3,0,0,1,2,3
5028,06/11/2019,1,8,19,21,37,39,34,,4,2,5,1,2,1,1,2,0
5027,05/11/2019,6,14,30,38,43,48,22,,2,4,1,5,1,1,1,1,2
5026,03/11/2019,2,15,20,29,32,45,47,,3,3,3,3,1,2,1,1,1
5025,02/11/2019,5,10,21,33,34,43,41,33,3,3,4,2,2,0,1,2,1
5024,30/10/2019,25,27,33,42,47,50,22,,1,5,4,2,0,0,2,1,3
5023,27/10/2019,9,15,22,31,35,46,49,46,3,3,4,2,1,1,1,2,1
5022,26/10/2019,8,20,32,36,41,46,49,41,2,4,1,5,1,1,0,2,2
5021,23/10/2019,15,16,37,41,45,47,9,,2,4,5,1,0,2,0,1,3
5020,20/10/2019,6,11,12,35,36,38,41,12,3,3,2,4,1,2,0,3,0
5019,19/10/2019,3,12,15,23,26,27,32,12,4,2,4,2,1,2,3,0,0
5018,16/10/2019,6,12,19,21,41,49,18,21,4,2,4,2,1,2,1,0,2
5017,13/10/2019,8,21,29,35,44,47,18,"21,29",2,4,4,2,1,0,2,1,2
5016,12/10/2019,15,21,29,31,40,48,2,40,2,4,4,2,0,1,2,2,1
5015,09/10/2019,9,13,20,40,43,46,6,,3,3,3,3,1,2,0,1,2
5014,06/10/2019,8,11,18,19,38,48,47,19,4,2,2,4,1,3,0,1,1
5013,05/10/2019,7,9,19,20,31,36,40,,4,2,4,2,2,2,0,2,0
5012,02/10/2019,4,16,23,28,35,37,36,,3,3,3,3,1,1,2,2,0
5011,01/10/2019,5,10,25,26,30,43,19,25,3,3,3,3,2,0,3,0,1
5010,29/09/2019,2,11,25,36,44,48,50,11,3,3,2,4,1,1,1,1,2
5009,28/09/2019,7,11,18,27,30,34,23,,3,3,3,3,1,2,2,1,0
5008,25/09/2019,5,8,9,12,44,50,17,9,4,2,2,4,3,1,0,0,2
5007,22/09/2019,2,9,19,26,41,43,7,43,3,3,4,2,2,1,1,0,2
5006,21/09/2019,24,33,34,35,37,43,47,24,1,5,4,2,0,0,1,4,1
5005,18/09/2019,3,10,18,21,24,49,35,24,5,1,3,3,2,1,2,0,1
5004,15/09/2019,2,12,24,35,47,50,7,,3,3,2,4,1,1,1,1,2
5003,14/09/2019,6,17,26,27,30,31,35,"27,30",2,4,3,3,1,1,3,1,0
5002,11/09/2019,20,27,30,36,43,50,22,43,1,5,2,4,0,1,2,1,2
5001,10/09/2019,1,4,5,14,31,43,19,,4,2,4,2,3,1,0,1,1
5000,08/09/2019,12,23,27,32,33,39,9,27,2,4,4,2,0,1,2,3,0
4999,07/09/2019,17,19,27,37,47,48,11,48,2,4,5,1,0,2,1,1,2
4998,04/09/2019,11,16,18,22,33,48,23,,4,2,2,4,0,3,1,1,1
4997,01/09/2019,3,6,21,37,45,49,41,6,3,3,5,1,2,0,1,1,2
4996,31/08/2019,6,8,14,18,20,40,10,"18,40",5,1,0,6,2,3,0,1,0
4995,28/08/2019,5,18,33,36,38,40,26,"33,36",2,4,2,4,1,1,0,4,0
4994,25/08/2019,7,13,33,34,36,48,3,"34,48",2,4,3,3,1,1,0,3,1
4993,24/08/2019,10,11,30,34,42,48,31,,2,4,1,5,1,1,1,1,2
4992,21/08/2019,2,4,17,19,43,44,46,43,4,2,3,3,2,2,0,0,2
4991,20/08/2019,22,29,32,38,39,43,26,,1,5,3,3,0,0,2,3,1
4990,18/08/2019,1,2,5,11,24,31,20,,5,1,4,2,3,1,1,1,0
4989,17/08/2019,9,17,20,21,41,47,24,,4,2,5,1,1,2,1,0,2
4988,14/08/2019,8,23,31,32,45,50,6,23,2,4,3,3,1,0,1,2,2
4987,11/08/2019,2,11,19,23,36,39,13,"2,19",4,2,4,2,1,2,1,2,0
4986,10/08/2019,2,3,9,14,19,24,44,,6,0,3,3,3,2,1,0,0
4985,07/08/2019,5,8,16,27,34,48,4,,3,3,2,4,2,1,1,1,1
4984,04/08/2019,3,23,31,39,41,43,37,,2,4,6,0,1,0,1,2,2
4983,03/08/2019,1,5,20,21,34,46,24,1,4,2,3,3,2,1,1,1,1
4982,31/07/2019,1,18,19,24,37,49,10,24,4,2,4,2,1,2,1,1,1
4981,30/07/2019,7,13,17,24,29,31,19,,4,2,5,1,1,2,2,1,0
4980,28/07/2019,6,12,21,34,36,43,13,,3,3,2,4,1,1,1,2,1
4979,27/07/2019,4,8,18,23,48,50,19,18,4,2,1,5,2,1,1,0,2
4978,24/07/2019,14,18,28,30,43,46,8,"30,46",2,4,1,5,0,2,2,0,2
4977,21/07/2019,4,20,30,46,48,50,14,,2,4,0,6,1,1,1,0,3
4976,20/07/2019,5,7,15,24,27,41,46,,4,2,5,1,2,1,2,0,1
4975,17/07/2019,9,13,34,35,39,46,40,,2,4,4,2,1,1,0,3,1
4974,14/07/2019,1,20,32,40,41,44,34,,2,4,2,4,1,1,0,2,2
4973,13/07/2019,10,16,30,42,43,46,12,,2,4,1,5,1,1,1,0,3
4972,10/07/2019,5,11,14,19,34,37,15,14,4,2,4,2,1,3,0,2,0
4971,07/07/2019,14,16,24,31,35,45,34,24,3,3,3,3,0,2,1,2,1
4970,06/07/2019,11,12,24,25,43,48,40,24,4,2,3,3,0,2,2,0,2
4969,03/07/2019,3,13,20,24,27,49,19,27,4,2,4,2,1,2,2,0,1
4968,30/06/2019,2,12,27,31,45,46,50,2,2,4,3,3,1,1,1,1,2
4967,29/06/2019,2,7,19,33,41,44,25,19,3,3,4,2,2,1,0,1,2
4966,26/06/2019,14,15,19,40,42,43,12,43,3,3,3,3,0,3,0,1,2
4965,23/06/2019,2,10,29,30,43,50,49,29,2,4,2,4,2,0,2,0,2
4964,22/06/2019,1,7,22,28,29,42,10,7,3,3,3,3,2,0,3,0,1
4963,19/06/2019,7,12,16,17,31,44,40,,4,2,3,3,1,3,0,1,1
4962,18/06/2019,3,4,19,24,34,47,12,24,4,2,3,3,2,1,1,1,1
4961,16/06/2019,9,18,22,24,35,50,34,22,4,2,2,4,1,1,2,1,1
4960,15/06/2019,22,27,31,33,42,49,34,27,1,5,4,2,0,0,2,2,2
4959,12/06/2019,5,18,20,27,36,39,6,,3,3,3,3,1,2,1,2,0
4958,09/06/2019,13,17,21,22,30,40,20,13,4,2,3,3,0,2,3,1,0
4957,08/06/2019,13,25,26,31,32,39,41,"26,31",2,4,4,2,0,1,2,3,0
4956,05/06/2019,9,22,26,31,33,38,7,,2,4,3,3,1,0,2,3,0
4955,02/06/2019,2,13,16,20,37,45,28,16,4,2,3,3,1,3,0,1,1
4954,01/06/2019,16,18,23,24,29,44,40,,4,2,2,4,0,2,3,0,1
4953,29/05/2019,6,8,11,13,32,43,28,,4,2,3,3,2,2,0,1,1
4952,26/05/2019,3,14,25,38,46,49,21,38,3,3,3,3,1,1,1,1,2
4951,25/05/2019,7,16,18,19,31,38,5,,4,2,3,3,1,3,0,2,0
4950,22/05/2019,2,5,6,11,28,47,1,"5,11",4,2,3,3,3,1,1,0,1
4949,19/05/2019,5,11,16,25,34,45,38,,4,2,4,2,1,2,1,1,1
4948,18/05/2019,17,22,28,36,38,49,37,49,2,4,2,4,0,1,2,2,1
4947,15/05/2019,1,24,31,44,46,49,22,24,2,4,3,3,1,0,1,1,3
4946,12/05/2019,4,7,21,24,25,45,8,25,5,1,4,2,2,0,3,0,1
4945,11/05/2019,9,12,22,25,32,46,26,25,4,2,2,4,1,1,2,1,1
4944,08/05/2019,3,5,19,25,33,38,39,,4,2,5,1,2,1,1,2,0
4943,05/05/2019,16,17,20,27,39,40,5,"16,27",3,3,3,3,0,3,1,2,0
4942,04/05/2019,5,16,22,27,28,41,4,,3,3,3,3,1,1,3,0,1
4941,01/05/2019,1,6,34,39,40,47,31,34,2,4,3,3,2,0,0,3,1
4940,28/04/2019,2,4,16,34,35,50,41,,3,3,1,5,2,1,0,2,1
4939,27/04/2019,7,8,13,19,31,43,48,,4,2,5,1,2,2,0,1,1
4938,24/04/2019,5,15,34,35,44,45,24,45,2,4,4,2,1,1,0,2,2
4937,21/04/2019,4,28,36,41,45,47,19,47,1,5,3,3,1,0,1,1,3
4936,20/04/2019,3,9,14,31,35,47,27,35,3,3,5,1,2,1,0,2,1
4935,17/04/2019,13,16,19,24,32,35,39,"16,35",4,2,3,3,0,3,1,2,0
4934,14/04/2019,16,31,34,35,47,48,18,"31,48",1,5,3,3,0,1,0,3,2
4933,13/04/2019,2,13,31,44,48,49,35,13,2,4,3,3,1,1,0,1,3
4932,10/04/2019,13,21,36,38,43,50,9,38,2,4,3,3,0,1,1,2,2
4931,07/04/2019,4,8,14,24,38,40,29,"4,40",4,2,0,6,2,1,1,2,0
4930,06/04/2019,4,30,40,41,45,49,2,,1,5,3,3,1,0,1,1,3
4929,03/04/2019,6,9,19,24,47,50,49,6,4,2,3,3,2,1,1,0,2
4928,02/04/2019,6,26,30,31,35,48,11,,1,5,2,4,1,0,2,2,1
4927,31/03/2019,5,15,19,24,38,49,45,"19,24,49",4,2,4,2,1,2,1,1,1
4926,30/03/2019,19,23,24,37,40,49,45,,3,3,4,2,0,1,2,2,1
4925,27/03/2019,4,5,11,13,26,50,44,,4,2,3,3,2,2,1,0,1
4924,24/03/2019,1,12,30,31,33,49,26,1,2,4,4,2,1,1,1,2,1
4923,23/03/2019,1,14,16,34,42,43,19,,3,3,2,4,1,2,0,1,2
4922,20/03/2019,3,8,9,28,47,49,32,3,3,3,4,2,3,0,1,0,2
4921,17/03/2019,3,10,16,17,35,39,8,,4,2,4,2,2,2,0,2,0
4920,16/03/2019,12,18,22,28,32,44,29,,3,3,0,6,0,2,2,1,1
4919,13/03/2019,7,13,17,30,38,43,33,43,3,3,4,2,1,2,1,1,1
4918,10/03/2019,5,15,27,29,34,43,36,"34,43",2,4,5,1,1,1,2,1,1
4917,09/03/2019,32,34,42,43,44,50,38,,0,6,1,5,0,0,0,2,4
4916,06/03/2019,3,6,14,22,23,47,10,47,5,1,3,3,2,1,2,0,1
4915,03/03/2019,4,12,26,27,40,47,36,26,2,4,2,4,1,1,2,1,1
4914,02/03/2019,7,22,25,26,41,48,2,41,3,3,3,3,1,0,3,0,2
4913,27/02/2019,8,13,24,28,40,41,25,"13,40",3,3,2,4,1,1,2,1,1
4912,24/02/2019,13,26,31,34,40,45,28,,1,5,3,3,0,1,1,3,1
4911,23/02/2019,2,10,24,27,35,37,9,"2,35",3,3,3,3,2,0,2,2,0
4910,20/02/2019,2,6,19,20,33,35,45,"20,35",4,2,3,3,2,2,0,2,0
4909,19/02/2019,4,20,35,36,38,45,10,,2,4,2,4,1,1,0,3,1
4908,17/02/2019,13,14,15,34,44,48,35,,3,3,2,4,0,3,0,1,2
4907,16/02/2019,1,8,18,31,35,42,7,,3,3,3,3,2,1,0,2,1
4906,13/02/2019,3,22,26,34,44,50,39,,2,4,1,5,1,0,2,1,2
4905,10/02/2019,5,11,18,20,21,31,40,,5,1,4,2,1,3,1,1,0
4904,09/02/2019,10,12,14,17,22,42,36,14,5,1,1,5,1,3,1,0,1
4903,06/02/2019,2,13,14,24,30,34,11,"14,24",4,2,1,5,1,2,2,1,0
4902,05/02/2019,5,12,14,24,33,45,3,,4,2,3,3,1,2,1,1,1
4901,03/02/2019,1,31,37,39,46,48,27,37,1,5,4,2,1,0,0,3,2
4900,02/02/2019,6,7,18,19,34,37,17,,4,2,3,3,2,2,0,2,0
4899,30/01/2019,2,17,20,32,35,39,38,"17,39",3,3,3,3,1,2,0,3,0
4898,29/01/2019,6,17,24,39,42,47,26,42,3,3,3,3,1,1,1,1,2
4897,27/01/2019,8,13,14,19,27,42,11,42,4,2,3,3,1,3,1,0,1
4896,26/01/2019,1,6,16,32,42,50,5,,3,3,1,5,2,1,0,1,2
4895,23/01/2019,3,21,24,26,31,40,50,40,3,3,3,3,1,0,3,2,0
4894,20/01/2019,2,4,14,19,35,40,3,35,4,2,2,4,2,2,0,2,0
4893,19/01/2019,10,12,16,17,22,35,38,"17,22",5,1,2,4,1,3,1,1,0
4892,16/01/2019,13,14,17,18,22,42,45,"14,17",5,1,2,4,0,4,1,0,1
4891,13/01/2019,4,5,8,14,17,48,50,"17,48",5,1,2,4,3,2,0,0,1
4890,12/01/2019,1,17,18,27,48,49,9,,3,3,4,2,1,2,1,0,2
4889,09/01/2019,4,6,14,22,34,44,24,"6,44",4,2,0,6,2,1,1,1,1
4888,06/01/2019,1,6,10,41,44,49,26,"1,10,41",3,3,3,3,3,0,0,0,3
4887,05/01/2019,1,10,14,31,41,48,33,,3,3,3,3,2,1,0,1,2
4886,02/01/2019,26,32,35,38,45,50,46,,0,6,2,4,0,0,1,3,2
4885,30/12/2018,1,2,3,7,30,49,13,,4,2,4,2,4,0,1,0,1
4884,29/12/2018,12,20,22,27,39,42,7,27,3,3,2,4,0,2,2,1,1
4883,26/12/2018,21,25,27,35,38,46,10,38,2,4,4,2,0,0,3,2,1
4882,25/12/2018,20,28,38,40,49,50,45,38,1,5,1,5,0,1,1,2,2
4881,23/12/2018,1,23,30,36,38,47,15,23,2,4,3,3,1,0,2,2,1
4880,22/12/2018,6,10,20,22,23,48,19,"20,22",5,1,1,5,2,1,2,0,1
4879,19/12/2018,5,9,20,22,33,42,21,,4,2,3,3,2,1,1,1,1
4878,16/12/2018,4,12,13,18,24,47,8,47,5,1,2,4,1,3,1,0,1
4877,15/12/2018,2,9,17,47,48,49,12,48,3,3,4,2,2,1,0,0,3
4876,12/12/2018,15,27,38,42,44,48,12,,1,5,2,4,0,1,1,1,3
4875,09/12/2018,11,23,30,33,37,49,42,,2,4,5,1,0,1,2,2,1
4874,08/12/2018,15,36,38,41,42,50,49,38,1,5,2,4,0,1,0,2,3
4873,05/12/2018,1,7,21,22,38,45,5,"38,45",4,2,4,2,2,0,2,1,1
4872,04/12/2018,2,19,23,25,38,45,41,,4,2,4,2,1,1,2,1,1
4871,02/12/2018,1,5,16,29,40,47,7,"40,47",3,3,4,2,2,1,1,1,1
4870,01/12/2018,12,14,22,32,40,47,41,,3,3,1,5,0,2,1,2,1
4869,28/11/2018,6,11,18,19,25,39,8,"19,25",5,1,4,2,1,3,1,1,0
4868,27/11/2018,5,19,20,25,34,43,17,"19,25",4,2,4,2,1,2,1,1,1
4867,25/11/2018,2,14,19,25,27,42,16,,4,2,3,3,1,2,2,0,1
4866,24/11/2018,15,16,24,37,41,47,17,,3,3,4,2,0,2,1,1,2
4865,21/11/2018,6,8,23,31,32,38,15,32,3,3,2,4,2,0,1,3,0
4864,18/11/2018,5,15,22,29,32,43,9,"5,22",3,3,4,2,1,1,2,1,1
4863,17/11/2018,5,8,17,22,34,50,13,,4,2,2,4,2,1,1,1,1
4862,14/11/2018,3,16,31,36,44,46,4,36,2,4,2,4,1,1,0,2,2
4861,11/11/2018,2,10,12,20,28,36,3,,4,2,0,6,2,2,1,1,0
4860,10/11/2018,21,26,29,40,47,48,49,48,1,5,3,3,0,0,3,1,2
4859,07/11/2018,8,18,23,44,46,48,16,"18,46",3,3,1,5,1,1,1,0,3
4858,06/11/2018,12,16,18,21,22,46,28,16,5,1,1,5,0,3,2,0,1
4857,04/11/2018,5,16,19,30,36,39,33,36,3,3,3,3,1,2,1,2,0
4856,03/11/2018,4,13,22,28,36,40,35,4,3,3,1,5,1,1,2,2,0
4855,31/10/2018,4,8,11,21,26,38,40,,4,2,2,4,2,1,2,1,0
4854,30/10/2018,23,28,32,36,39,42,40,"23,36,42",1,5,2,4,0,0,2,3,1
4853,28/10/2018,18,23,24,30,36,42,38,"23,24,42",3,3,1,5,0,1,3,1,1
4852,27/10/2018,11,13,23,24,42,45,20,,4,2,4,2,0,2,2,0,2
4851,24/10/2018,4,17,37,41,44,49,25,4,2,4,4,2,1,1,0,1,3
4850,21/10/2018,4,26,35,42,46,50,1,50,1,5,1,5,1,0,1,1,3
4849,20/10/2018,27,38,39,40,47,50,48,"27,47",0,6,3,3,0,0,1,3,2
4848,17/10/2018,10,12,23,27,28,47,33,23,3,3,3,3,1,1,3,0,1
4847,14/10/2018,7,17,23,36,38,41,30,"23,38",3,3,4,2,1,1,1,2,1
4846,13/10/2018,14,23,27,32,35,38,16,,2,4,3,3,0,1,2,3,0
4845,10/10/2018,6,13,19,29,36,45,34,,3,3,4,2,1,2,1,1,1
4844,07/10/2018,9,22,24,38,41,47,31,,3,3,3,3,1,0,2,1,2
4843,06/10/2018,6,14,18,42,48,49,47,,3,3,1,5,1,2,0,0,3
4842,03/10/2018,3,4,8,10,24,33,28,4,5,1,2,4,4,0,1,1,0
4841,02/10/2018,4,6,28,35,40,46,8,,2,4,1,5,2,0,1,2,1
4840,30/09/2018,1,8,17,19,25,50,6,,5,1,4,2,2,2,1,0,1
4839,29/09/2018,2,12,16,21,26,44,32,26,4,2,1,5,1,2,2,0,1
4838,26/09/2018,9,13,26,34,42,45,7,13,2,4,3,3,1,1,1,1,2
4837,25/09/2018,10,13,23,36,39,50,25,"13,50",3,3,3,3,1,1,1,2,1
4836,23/09/2018,3,13,33,35,48,50,8,"13,33",2,4,4,2,1,1,0,2,2
4835,22/09/2018,2,13,18,20,33,36,38,33,4,2,2,4,1,3,0,2,0
4834,19/09/2018,9,10,12,25,33,46,21,,4,2,3,3,2,1,1,1,1
4833,16/09/2018,3,8,18,30,43,49,23,"8,43",3,3,3,3,2,1,1,0,2
4832,15/09/2018,1,8,10,32,43,47,15,32,3,3,3,3,3,0,0,1,2
4831,12/09/2018,13,14,16,25,29,32,21,,4,2,3,3,0,3,2,1,0
4830,09/09/2018,1,11,19,33,37,48,50,11,3,3,5,1,1,2,0,2,1
4829,08/09/2018,11,13,27,34,42,49,35,49,2,4,4,2,0,2,1,1,2
4828,05/09/2018,7,20,21,30,32,49,6,49,3,3,3,3,1,1,2,1,1
4827,04/09/2018,2,8,19,39,40,49,12,,3,3,3,3,2,1,0,2,1
4826,02/09/2018,5,13,14,33,36,50,26,13,3,3,3,3,1,2,0,2,1
4825,01/09/2018,2,13,18,20,26,32,7,"20,32",4,2,1,5,1,3,1,1,0
4824,29/08/2018,9,15,20,32,35,46,10,,3,3,3,3,1,2,0,2,1
4823,28/08/2018,4,5,17,29,37,40,10,4,3,3,4,2,2,1,1,2,0
4822,26/08/2018,4,15,19,21,26,44,7,,4,2,3,3,1,2,2,0,1
4821,25/08/2018,13,16,22,30,35,46,38,,3,3,2,4,0,2,2,1,1
4820,22/08/2018,7,12,17,29,34,44,36,,3,3,3,3,1,2,1,1,1
4819,19/08/2018,3,4,8,15,25,50,18,4,5,1,3,3,3,1,1,0,1
4818,18/08/2018,4,26,35,37,39,42,31,39,1,5,3,3,1,0,1,3,1
4817,15/08/2018,5,12,13,20,31,39,23,,4,2,4,2,1,3,0,2,0
4816,12/08/2018,9,23,24,27,32,46,47,,3,3,3,3,1,0,3,1,1
4815,11/08/2018,1,3,15,25,29,38,14,15,4,2,5,1,2,1,2,1,0
4814,08/08/2018,15,18,22,37,41,50,12,,3,3,3,3,0,2,1,1,2
4813,07/08/2018,7,8,16,36,46,48,13,8,3,3,1,5,2,1,0,1,2
4812,05/08/2018,8,18,19,20,30,50,39,20,4,2,1,5,1,3,1,0,1
4811,04/08/2018,14,20,25,26,31,46,4,,3,3,2,4,0,2,2,1,1
4810,01/08/2018,1,2,3,8,15,33,31,,5,1,4,2,4,1,0,1,0
4809,31/07/2018,9,11,17,26,30,44,46,,3,3,3,3,1,2,2,0,1
4808,29/07/2018,3,6,34,38,43,50,14,"6,43",2,4,2,4,2,0,0,2,2
4807,28/07/2018,2,6,9,11,29,43,14,,4,2,4,2,3,1,1,0,1
4806,25/07/2018,5,10,31,36,38,42,3,36,2,4,2,4,2,0,0,3,1
4805,22/07/2018,2,4,7,18,35,36,40,4,4,2,2,4,3,1,0,2,0
4804,21/07/2018,3,4,14,24,31,38,35,38,4,2,2,4,2,1,1,2,0
4803,18/07/2018,12,20,28,38,40,43,1,,2,4,1,5,0,2,1,2,1
4802,15/07/2018,3,26,27,29,37,39,12,,1,5,5,1,1,0,3,2,0
4801,14/07/2018,1,17,32,35,43,45,41,"43,45",2,4,5,1,1,1,0,2,2
4800,11/07/2018,3,28,29,33,43,45,32,,1,5,5,1,1,0,2,1,2
4799,08/07/2018,9,12,13,18,35,47,21,,4,2,4,2,1,3,0,1,1
4798,07/07/2018,3,4,14,17,34,45,27,"3,14",4,2,3,3,2,2,0,1,1
4797,04/07/2018,3,8,14,30,32,42,2,8,3,3,1,5,2,1,1,1,1
4796,03/07/2018,8,9,10,12,37,40,45,37,4,2,2,4,3,1,0,2,0
4795,01/07/2018,7,26,30,37,44,49,6,,1,5,3,3,1,0,2,1,2
4794,30/06/2018,6,8,15,19,31,48,38,,4,2,3,3,2,2,0,1,1
4793,27/06/2018,5,14,20,33,36,49,38,,3,3,3,3,1,2,0,2,1
4792,26/06/2018,4,11,17,18,25,39,46,,5,1,4,2,1,3,1,1,0
4791,24/06/2018,20,28,29,33,36,38,2,,1,5,2,4,0,1,2,3,0
4790,23/06/2018,3,24,41,45,46,47,27,,2,4,4,2,1,0,1,0,4
4789,20/06/2018,1,14,27,42,44,48,38,,2,4,2,4,1,1,1,0,3
4788,17/06/2018,2,10,15,16,31,47,28,"10,31",4,2,3,3,2,2,0,1,1
4787,16/06/2018,8,10,31,32,33,48,38,,2,4,2,4,2,0,0,3,1
4786,13/06/2018,1,5,20,24,34,45,31,,4,2,3,3,2,1,1,1,1
4785,10/06/2018,19,21,22,26,33,41,40,41,3,3,4,2,0,1,3,1,1
4784,09/06/2018,6,8,17,18,40,41,30,"40,41",4,2,2,4,2,2,0,1,1
4783,06/06/2018,14,26,35,40,41,42,48,,1,5,2,4,0,1,1,2,2
4782,03/06/2018,2,15,16,18,21,36,35,,5,1,2,4,1,3,1,1,0
4781,02/06/2018,13,22,25,37,39,45,7,45,3,3,5,1,0,1,2,2,1
4780,30/05/2018,17,38,43,45,47,49,23,17,1,5,5,1,0,1,0,1,4
4779,27/05/2018,14,15,17,19,20,23,41,,6,0,4,2,0,5,1,0,0
4778,26/05/2018,24,31,36,41,43,50,13,"41,50",1,5,3,3,0,0,1,2,3
4777,23/05/2018,11,13,18,41,49,50,16,,3,3,4,2,0,3,0,0,3
4776,20/05/2018,8,21,36,37,42,43,48,"21,43",2,4,3,3,1,0,1,2,2
4775,19/05/2018,6,21,23,40,41,43,44,"6,23",3,3,4,2,1,0,2,1,2
4774,16/05/2018,6,14,22,23,31,32,9,,4,2,2,4,1,1,2,2,0
4773,13/05/2018,13,15,26,30,41,48,50,,2,4,3,3,0,2,2,0,2
4772,12/05/2018,5,12,16,25,35,36,22,36,4,2,3,3,1,2,1,2,0
4771,09/05/2018,1,7,8,33,36,50,5,,3,3,3,3,3,0,0,2,1
4770,06/05/2018,3,22,23,29,45,47,2,45,3,3,5,1,1,0,3,0,2
4769,05/05/2018,5,8,15,32,42,45,34,5,3,3,3,3,2,1,0,1,2
4768,02/05/2018,1,2,5,11,23,24,43,2,6,0,4,2,3,1,2,0,0
4767,01/05/2018,2,12,18,29,38,47,3,,3,3,2,4,1,2,1,1,1
4766,29/04/2018,9,26,30,36,43,44,11,,1,5,2,4,1,0,2,1,2
4765,28/04/2018,6,15,31,38,40,49,2,31,2,4,3,3,1,1,0,3,1
4764,25/04/2018,1,20,22,30,31,33,17,31,3,3,3,3,1,1,2,2,0
4763,22/04/2018,23,28,31,40,42,43,37,43,1,5,3,3,0,0,2,2,2
4762,21/04/2018,1,6,17,22,33,43,44,"6,33",4,2,4,2,2,1,1,1,1
4761,18/04/2018,6,12,24,33,34,50,42,34,3,3,1,5,1,1,1,2,1
4760,15/04/2018,17,28,34,36,39,40,37,,1,5,2,4,0,1,1,4,0
4759,14/04/2018,11,15,32,35,48,49,3,35,2,4,4,2,0,2,0,2,2
4758,11/04/2018,9,17,22,29,35,50,48,22,3,3,4,2,1,1,2,1,1
4757,08/04/2018,6,21,22,24,34,36,17,"24,36",4,2,1,5,1,0,3,2,0
4756,07/04/2018,9,24,29,35,36,42,49,,2,4,3,3,1,0,2,2,1
4755,04/04/2018,8,18,25,46,47,49,28,46,3,3,3,3,1,1,1,0,3
4754,03/04/2018,2,9,21,24,36,46,15,21,4,2,2,4,2,0,2,1,1
4753,01/04/2018,12,17,21,26,33,37,22,,3,3,4,2,0,2,2,2,0
4752,31/03/2018,8,9,10,11,34,47,36,10,4,2,3,3,3,1,0,1,1
4751,28/03/2018,7,10,17,21,29,33,4,21,4,2,5,1,2,1,2,1,0
4750,25/03/2018,11,20,21,38,40,49,1,,3,3,3,3,0,2,1,2,1
4749,24/03/2018,14,17,29,35,39,44,6,,2,4,4,2,0,2,1,2,1
4748,21/03/2018,3,7,15,16,48,49,50,,4,2,4,2,2,2,0,0,2
4747,18/03/2018,13,27,29,39,46,47,3,47,1,5,5,1,0,1,2,1,2
4746,17/03/2018,6,7,25,31,47,49,35,,3,3,5,1,2,0,1,1,2
4745,14/03/2018,15,17,33,36,38,44,47,17,2,4,3,3,0,2,0,3,1
4744,11/03/2018,17,19,21,24,25,27,23,27,5,1,5,1,0,2,4,0,0
4743,10/03/2018,14,22,23,27,32,46,18,,3,3,2,4,0,1,3,1,1
4742,07/03/2018,4,13,16,21,39,49,19,"13,16",4,2,4,2,1,2,1,1,1
4741,06/03/2018,6,13,16,32,34,45,2,32,3,3,2,4,1,2,0,2,1
4740,04/03/2018,22,26,32,41,43,48,30,26,1,5,2,4,0,0,2,1,3
4739,03/03/2018,25,26,27,31,39,42,2,31,1,5,4,2,0,0,3,2,1
4738,28/02/2018,13,22,24,29,31,49,26,29,3,3,4,2,0,1,3,1,1
4737,27/02/2018,27,29,32,43,46,48,17,,0,6,3,3,0,0,2,1,3
4736,25/02/2018,10,13,23,37,41,45,33,"10,45",3,3,5,1,1,1,1,1,2
4735,24/02/2018,1,10,30,39,45,47,13,10,2,4,4,2,2,0,1,1,2
4734,21/02/2018,2,10,12,16,40,44,42,,4,2,0,6,2,2,0,1,1
4733,20/02/2018,8,21,24,34,37,49,42,,3,3,3,3,1,0,2,2,1
4732,18/02/2018,29,33,36,46,47,50,4,,0,6,3,3,0,0,1,2,3
4731,17/02/2018,2,3,30,34,37,49,9,,2,4,3,3,2,0,1,2,1
4730,14/02/2018,11,13,27,28,38,42,5,,2,4,3,3,0,2,2,1,1
4729,13/02/2018,12,17,30,32,46,49,9,,2,4,2,4,0,2,1,1,2
4728,11/02/2018,2,18,23,26,31,36,22,23,3,3,2,4,1,1,2,2,0
4727,10/02/2018,1,6,9,17,20,23,3,,6,0,4,2,3,2,1,0,0
4726,07/02/2018,14,27,29,37,46,47,9,47,1,5,4,2,0,1,2,1,2
4725,06/02/2018,4,21,26,38,42,47,11,,2,4,2,4,1,0,2,1,2
4724,04/02/2018,7,10,16,18,29,39,50,,4,2,3,3,2,2,1,1,0
4723,03/02/2018,12,20,23,33,37,41,21,41,3,3,4,2,0,2,1,2,1
4722,31/01/2018,22,25,28,31,39,41,37,22,2,4,4,2,0,0,3,2,1
4721,30/01/2018,10,12,22,23,32,48,44,23,4,2,1,5,1,1,2,1,1
4720,28/01/2018,9,15,21,23,40,44,20,23,4,2,4,2,1,1,2,1,1
4719,27/01/2018,17,23,28,35,48,49,21,,2,4,4,2,0,1,2,1,2
4718,24/01/2018,5,16,31,36,43,46,28,43,2,4,3,3,1,1,0,2,2
4717,21/01/2018,4,7,17,33,38,43,41,"17,38",3,3,4,2,2,1,0,2,1
4716,20/01/2018,6,16,17,21,26,38,37,,4,2,2,4,1,2,2,1,0
4715,17/01/2018,3,8,11,27,29,37,20,"3,27",3,3,5,1,2,1,2,1,0
4714,16/01/2018,1,3,23,27,28,42,18,,3,3,4,2,2,0,3,0,1
4713,14/01/2018,7,12,26,30,33,35,15,33,2,4,3,3,1,1,2,2,0
4712,13/01/2018,8,22,27,31,33,50,37,,2,4,3,3,1,0,2,2,1
4711,10/01/2018,28,29,30,34,42,48,7,42,0,6,1,5,0,0,3,1,2
4710,07/01/2018,10,11,24,33,42,45,17,,3,3,3,3,1,1,1,1,2
4709,06/01/2018,1,27,39,40,41,43,14,40,1,5,5,1,1,0,1,2,2
4708,03/01/2018,3,8,12,40,42,47,6,42,3,3,2,4,2,1,0,1,2
4707,31/12/2017,9,29,37,41,42,43,28,,1,5,5,1,1,0,1,1,3
4706,30/12/2017,1,22,39,44,46,49,11,"22,49",2,4,3,3,1,0,1,1,3
4705,27/12/2017,4,7,22,33,41,49,28,33,3,3,4,2,2,0,1,1,2
4704,26/12/2017,1,2,9,33,35,46,20,46,3,3,4,2,3,0,0,2,1
4703,24/12/2017,20,21,29,46,49,50,14,,2,4,3,3,0,1,2,0,3
4702,23/12/2017,2,18,22,25,31,37,3,31,4,2,3,3,1,1,2,2,0
4701,20/12/2017,6,9,19,31,33,49,28,6,3,3,5,1,2,1,0,2,1
4700,17/12/2017,6,12,32,37,38,50,20,37,2,4,1,5,1,1,0,3,1
4699,16/12/2017,23,24,30,35,37,42,27,35,2,4,3,3,0,0,3,2,1
4698,13/12/2017,3,5,15,26,29,35,46,,3,3,5,1,2,1,2,1,0
4697,10/12/2017,1,13,16,28,43,45,34,28,3,3,4,2,1,2,1,0,2
4696,09/12/2017,9,10,14,28,32,35,23,9,3,3,2,4,2,1,1,2,0
4695,06/12/2017,9,11,13,25,26,38,15,,4,2,4,2,1,2,2,1,0
4694,05/12/2017,6,24,32,34,43,44,15,"6,32",2,4,1,5,1,0,1,2,2
4693,03/12/2017,5,6,15,32,35,37,44,35,3,3,4,2,2,1,0,3,0
4692,02/12/2017,10,11,12,35,45,50,4,50,3,3,3,3,1,2,0,1,2
4691,29/11/2017,13,16,25,37,44,50,2,"13,44",3,3,3,3,0,2,1,1,2
4690,28/11/2017,3,13,18,32,44,45,20,32,3,3,3,3,1,2,0,1,2
4689,26/11/2017,1,9,15,23,32,46,14,32,4,2,4,2,2,1,1,1,1
4688,25/11/2017,19,26,32,37,42,49,25,,1,5,3,3,0,1,1,2,2
4687,22/11/2017,2,5,6,29,40,41,33,,3,3,3,3,3,0,1,1,1
4686,19/11/2017,4,8,9,10,20,32,38,20,5,1,1,5,4,1,0,1,0
4685,18/11/2017,20,27,34,37,45,47,26,45,1,5,4,2,0,1,1,2,2
4684,15/11/2017,13,21,26,39,42,45,8,"21,26",2,4,4,2,0,1,2,1,2
4683,12/11/2017,11,15,21,26,30,48,2,21,3,3,3,3,0,2,3,0,1
4682,11/11/2017,14,19,21,31,36,42,25,,3,3,3,3,0,2,1,2,1
4681,08/11/2017,11,12,15,28,33,37,22,,3,3,4,2,0,3,1,2,0
4680,07/11/2017,13,16,34,40,48,50,19,"16,50",2,4,1,5,0,2,0,2,2
4679,05/11/2017,15,16,23,25,32,50,47,,4,2,3,3,0,2,2,1,1
4678,04/11/2017,13,26,29,30,46,48,36,,1,5,2,4,0,1,3,0,2
4677,01/11/2017,1,7,28,36,39,42,16,,2,4,3,3,2,0,1,2,1
4676,31/10/2017,2,3,10,27,31,49,7,27,3,3,4,2,3,0,1,1,1
4675,29/10/2017,15,23,25,27,32,40,22,"25,27",3,3,4,2,0,1,3,2,0
4674,28/10/2017,25,27,30,33,35,50,11,50,1,5,4,2,0,0,3,2,1
4673,25/10/2017,5,16,23,41,49,50,29,,3,3,4,2,1,1,1,0,3
4672,22/10/2017,8,15,18,25,35,44,2,,4,2,3,3,1,2,1,1,1
4671,21/10/2017,5,9,13,17,21,50,15,,5,1,5,1,2,2,1,0,1